image_id,label,width,height,xmin,ymin,xmax,ymax,has_mask,has_safety_helmet
0,1,1300.0,940.0,331.37,117.98,471.3,282.7,yes,yes
0,1,1300.0,940.0,1079.0,112.8,1209.0,263.2,no,yes
1,1,2000.0,1333.0,599.91,278.37,1087.62,712.04,yes,no
2,1,899.0,564.0,490.23,89.44,495.04,94.44,invisible,yes
2,1,899.0,564.0,777.36,267.96,795.34,290.52,no,yes
2,1,899.0,564.0,307.16,230.0,318.9,240.3,invisible,no
2,1,899.0,564.0,289.28,221.66,298.27,227.4,invisible,no
2,1,899.0,564.0,406.85,417.71,420.91,431.52,invisible,yes
2,1,899.0,564.0,380.85,391.48,396.29,405.29,invisible,yes
2,1,899.0,564.0,312.96,390.1,324.95,403.68,invisible,no
2,1,899.0,564.0,138.3,308.13,150.31,319.53,yes,yes
2,1,899.0,564.0,257.25,213.24,270.46,225.64,invisible,yes
2,1,899.0,564.0,405.5,174.41,414.3,185.01,yes,yes
2,1,899.0,564.0,566.9,212.72,575.69,223.38,invisible,yes
2,1,899.0,564.0,680.04,293.61,688.65,302.71,invisible,yes
2,1,899.0,564.0,815.72,270.46,823.22,277.36,invisible,yes
2,1,899.0,564.0,432.73,85.24,436.74,88.54,invisible,yes
3,1,899.0,570.0,385.06,189.64,446.17,253.53,invisible,yes
3,1,899.0,570.0,67.79,147.5,119.66,204.5,yes,yes
3,1,899.0,570.0,521.42,171.0,584.35,245.1,yes,yes
3,1,899.0,570.0,332.63,165.3,386.57,233.7,invisible,yes
3,1,899.0,570.0,701.22,176.7,773.14,262.2,yes,yes
3,1,899.0,570.0,170.81,142.5,224.75,205.2,yes,yes
4,1,900.0,600.0,448.95,344.17,459.06,355.57,invisible,yes
4,1,900.0,600.0,306.0,138.0,378.0,228.0,invisible,yes
4,1,900.0,600.0,819.0,342.0,828.0,354.0,invisible,no
4,1,900.0,600.0,709.02,327.2,720.02,334.86,yes,yes
4,1,900.0,600.0,424.75,323.97,433.86,335.57,invisible,yes
4,1,900.0,600.0,613.08,328.55,623.11,337.28,invisible,yes
5,1,1200.0,800.0,794.18,96.95,842.85,144.28,invisible,yes
5,1,1200.0,800.0,528.0,184.0,672.0,360.0,invisible,yes
5,1,1200.0,800.0,864.0,160.0,972.0,280.0,invisible,yes
5,1,1200.0,800.0,672.0,40.0,696.0,80.0,invisible,yes
5,1,1200.0,800.0,180.0,80.0,204.0,120.0,invisible,yes
5,1,1200.0,800.0,588.0,24.0,612.0,72.0,invisible,yes
5,1,1200.0,800.0,60.0,96.0,84.0,136.0,invisible,yes
5,1,1200.0,800.0,0.0,56.0,36.0,104.0,invisible,yes
6,1,800.0,426.0,360.0,93.72,403.9,144.5,invisible,no
6,1,800.0,426.0,544.0,89.46,592.0,140.58,yes,yes
6,1,800.0,426.0,96.0,72.42,152.0,132.06,yes,yes
9,1,960.0,540.0,336.0,43.2,537.6,248.4,yes,yes
10,1,499.0,281.0,239.52,2.81,294.41,67.44,yes,yes
11,1,1200.0,630.0,435.07,96.04,567.07,228.34,invisible,no
12,1,1600.0,900.0,1008.0,360.0,1104.0,468.0,invisible,yes
12,1,1600.0,900.0,1456.0,306.0,1568.0,414.0,invisible,no
12,1,1600.0,900.0,432.0,225.0,576.0,369.0,yes,yes
13,1,460.0,259.0,115.0,145.04,128.8,160.58,invisible,no
13,1,460.0,259.0,239.2,5.18,271.4,44.03,yes,yes
15,1,634.0,423.0,196.54,114.21,234.58,164.97,invisible,yes
15,1,634.0,423.0,152.16,126.9,171.18,143.82,invisible,no
15,1,634.0,423.0,336.02,139.59,355.04,164.97,invisible,no
15,1,634.0,423.0,19.02,173.43,101.44,296.1,no,no
15,1,634.0,423.0,412.1,105.75,450.14,152.28,invisible,yes
15,1,634.0,423.0,297.98,118.44,336.02,169.2,no,yes
15,1,634.0,423.0,259.94,93.06,297.98,143.82,invisible,yes
15,1,634.0,423.0,361.38,118.44,405.76,169.2,no,yes
15,1,634.0,423.0,532.56,114.21,576.94,164.97,invisible,yes
16,1,768.0,768.0,399.8,201.5,430.52,247.5,invisible,no
16,1,768.0,768.0,471.1,179.42,543.0,263.9,yes,yes
16,1,768.0,768.0,163.51,53.48,301.78,174.91,yes,yes
16,1,768.0,768.0,581.67,214.85,610.01,252.06,invisible,no
16,1,768.0,768.0,551.86,195.6,590.26,250.8,yes,no
16,1,768.0,768.0,656.6,203.3,701.2,264.5,invisible,no
17,1,799.0,524.0,228.24,136.87,248.5,160.3,yes,yes
17,1,799.0,524.0,279.65,136.24,327.59,193.88,invisible,yes
17,1,799.0,524.0,205.55,145.44,213.05,150.5,yes,yes
17,1,799.0,524.0,215.95,144.14,223.55,149.2,yes,yes
17,1,799.0,524.0,269.5,135.45,288.17,162.3,yes,yes
17,1,799.0,524.0,601.1,157.2,631.21,193.88,invisible,yes
17,1,799.0,524.0,615.23,136.24,647.19,178.16,invisible,yes
17,1,799.0,524.0,519.35,151.96,551.31,193.88,yes,yes
17,1,799.0,524.0,431.46,136.24,479.4,204.36,invisible,yes
18,1,800.0,533.0,352.0,277.16,408.0,346.45,no,yes
18,1,800.0,533.0,464.0,282.49,496.0,319.8,invisible,yes
18,1,800.0,533.0,244.38,271.83,268.38,303.81,invisible,yes
19,1,1920.0,1080.0,1074.06,116.52,1304.46,364.92,yes,no
20,1,1240.0,698.0,843.2,181.48,967.2,328.06,no,yes
21,1,960.0,540.0,484.4,59.4,547.2,140.4,yes,yes
21,1,960.0,540.0,105.48,111.4,155.6,173.1,yes,yes
21,1,960.0,540.0,393.6,10.8,470.4,97.2,yes,yes
21,1,960.0,540.0,180.02,49.0,247.22,146.2,yes,yes
22,1,768.0,768.0,645.12,230.4,698.88,330.24,yes,yes
22,1,768.0,768.0,31.1,202.03,107.11,301.3,yes,yes
22,1,768.0,768.0,453.33,285.79,494.13,332.49,invisible,yes
23,1,1002.0,575.0,662.1,155.25,750.7,240.2,invisible,yes
24,1,590.0,350.0,413.0,56.0,513.3,192.5,yes,yes
24,1,590.0,350.0,295.0,17.5,377.6,122.5,yes,yes
25,1,1280.0,720.0,550.4,115.2,716.8,302.4,no,yes
26,1,1920.0,1080.0,1324.8,216.0,1670.4,572.4,no,no
26,1,1920.0,1080.0,729.6,54.0,1056.0,518.4,no,no
26,1,1920.0,1080.0,420.25,23.24,765.85,466.04,no,no
26,1,1920.0,1080.0,1.71,195.89,109.27,557.59,invisible,no
27,1,1280.0,720.0,1049.6,597.6,1088.0,640.8,invisible,no
28,1,900.0,611.0,81.0,91.65,198.0,238.29,yes,yes
28,1,900.0,611.0,657.0,232.18,765.0,378.82,no,yes
28,1,900.0,611.0,414.0,152.75,513.0,274.95,yes,yes
29,1,490.0,327.0,449.64,189.7,474.1,211.6,invisible,yes
29,1,490.0,327.0,235.2,42.51,323.4,160.23,yes,yes
30,1,465.0,262.0,292.95,36.68,334.8,86.46,yes,yes
31,1,1321.0,700.0,462.35,7.0,660.5,203.0,no,yes
31,1,1321.0,700.0,739.76,196.0,858.65,315.0,no,yes
32,1,3000.0,2000.0,2376.44,1535.3,2547.14,1729.4,yes,yes
32,1,3000.0,2000.0,930.0,280.0,1320.0,700.0,yes,yes
33,1,2881.0,1620.0,1440.5,0.0,2016.7,518.4,invisible,yes
34,1,1280.0,640.0,716.8,371.2,870.4,550.4,yes,yes
35,1,600.0,400.0,222.0,128.0,288.0,216.0,yes,no
36,1,3117.0,2234.0,2524.77,826.58,2680.62,1005.3,yes,yes
36,1,3117.0,2234.0,2368.92,714.88,2462.43,871.26,no,no
36,1,3117.0,2234.0,2649.45,804.24,2836.47,1049.98,no,no
36,1,3117.0,2234.0,1589.67,804.24,1714.35,1027.64,yes,yes
36,1,3117.0,2234.0,342.87,759.56,529.89,982.96,invisible,no
36,1,3117.0,2234.0,1090.95,714.88,1277.97,982.96,yes,no
36,1,3117.0,2234.0,2244.24,759.56,2368.92,960.62,yes,yes
36,1,3117.0,2234.0,2150.73,737.22,2275.41,960.62,yes,yes
36,1,3117.0,2234.0,1745.52,759.56,1932.54,1005.3,invisible,yes
36,1,3117.0,2234.0,3042.41,744.26,3116.59,911.85,yes,yes
37,1,980.0,651.0,137.2,32.55,401.8,332.01,yes,yes
38,1,1920.0,924.0,1465.77,276.47,1484.97,304.19,invisible,no
38,1,1920.0,924.0,261.1,133.01,279.37,151.49,invisible,no
38,1,1920.0,924.0,219.98,118.09,239.18,136.57,invisible,yes
38,1,1920.0,924.0,300.63,138.11,319.83,156.59,invisible,yes
38,1,1920.0,924.0,1.08,91.85,250.68,489.17,yes,yes
38,1,1920.0,924.0,883.2,184.8,1190.4,508.2,yes,yes
38,1,1920.0,924.0,358.48,193.47,367.78,205.6,invisible,yes
38,1,1920.0,924.0,1488.9,286.6,1501.35,304.88,invisible,yes
38,1,1920.0,924.0,112.5,98.2,132.5,117.34,invisible,no
39,1,660.0,371.0,303.6,85.33,349.8,140.98,yes,yes
40,1,4962.0,7016.0,2133.66,1754.0,2381.76,1964.48,invisible,yes
40,1,4962.0,7016.0,396.96,1403.2,744.3,1824.16,yes,no
40,1,4962.0,7016.0,744.3,1473.36,1141.26,1894.32,yes,no
41,1,1280.0,841.0,320.0,58.87,473.6,235.48,yes,no
42,1,750.0,500.0,165.85,313.61,195.85,348.61,yes,yes
42,1,750.0,500.0,527.4,297.83,551.2,327.83,yes,yes
42,1,750.0,500.0,97.5,260.0,120.0,295.0,no,yes
42,1,750.0,500.0,201.44,270.0,223.94,300.0,invisible,yes
42,1,750.0,500.0,329.54,272.2,351.79,299.43,yes,yes
43,1,1024.0,576.0,266.24,74.88,368.64,207.36,yes,yes
43,1,1024.0,576.0,420.69,85.13,512.85,206.09,yes,no
43,1,1024.0,576.0,614.4,74.88,716.8,207.36,no,no
43,1,1024.0,576.0,686.08,92.16,768.0,195.84,yes,no
44,1,1600.0,1155.0,656.0,219.45,1040.0,750.75,yes,yes
45,1,620.0,775.0,347.2,124.0,564.2,379.75,yes,yes
45,1,620.0,775.0,235.6,193.75,372.0,364.25,yes,yes
45,1,620.0,775.0,-0.0,224.75,124.0,426.25,yes,yes
46,1,1200.0,752.0,708.0,188.0,840.0,360.96,yes,yes
46,1,1200.0,752.0,444.0,225.6,600.0,413.6,yes,yes
46,1,1200.0,752.0,-0.0,67.68,216.0,323.36,invisible,yes
46,1,1200.0,752.0,816.0,120.32,1020.0,368.48,yes,yes
46,1,1200.0,752.0,1092.0,180.48,1200.0,360.96,yes,yes
47,1,804.0,536.0,289.44,134.0,385.92,262.64,yes,yes
47,1,804.0,536.0,434.16,155.44,514.56,273.36,yes,yes
47,1,804.0,536.0,514.56,182.24,554.76,241.2,yes,yes
47,1,804.0,536.0,393.96,144.72,450.24,219.76,no,yes
47,1,804.0,536.0,249.24,176.2,297.48,235.84,invisible,no
47,1,804.0,536.0,152.76,160.8,241.2,273.36,wrong,yes
47,1,804.0,536.0,619.08,182.24,675.36,251.92,yes,yes
48,1,1024.0,640.0,706.56,249.6,931.84,460.8,yes,yes
50,1,660.0,440.0,316.8,8.8,356.4,66.0,yes,yes
50,1,660.0,440.0,501.6,26.4,541.2,88.0,yes,yes
50,1,660.0,440.0,46.2,4.4,132.0,88.0,invisible,yes
51,1,450.0,340.0,103.5,3.4,265.5,217.6,yes,no
51,1,450.0,340.0,229.5,30.6,409.5,275.4,no,yes
52,1,992.0,558.0,287.68,16.74,515.84,284.58,no,no
53,1,1440.0,907.0,691.2,117.91,878.4,362.8,no,no
54,1,560.0,321.0,100.8,0.0,168.0,64.2,yes,no
54,1,560.0,321.0,375.2,0.0,448.0,86.67,yes,no
55,1,620.0,387.0,396.8,162.54,434.0,208.98,no,yes
56,1,3000.0,2000.0,1320.0,1820.0,1410.0,1940.0,invisible,yes
56,1,3000.0,2000.0,2550.0,1220.0,2640.0,1320.0,yes,yes
56,1,3000.0,2000.0,840.0,1700.0,930.0,1820.0,invisible,yes
56,1,3000.0,2000.0,1709.18,1356.31,1769.18,1436.31,yes,yes
57,1,1024.0,512.0,600.28,89.61,654.97,156.64,no,yes
58,1,1200.0,675.0,84.0,256.5,108.0,283.5,invisible,no
58,1,1200.0,675.0,12.0,222.75,36.0,263.25,yes,yes
58,1,1200.0,675.0,516.0,222.75,540.0,256.5,invisible,no
58,1,1200.0,675.0,792.0,263.25,816.0,290.25,no,yes
58,1,1200.0,675.0,983.15,201.91,1012.24,231.99,invisible,no
58,1,1200.0,675.0,876.0,209.25,936.0,283.5,no,no
59,1,1000.0,500.0,290.0,5.0,750.0,395.0,no,yes
60,1,300.0,168.0,127.52,62.43,166.41,112.99,yes,yes
75,1,275.0,183.0,46.75,58.56,96.25,120.78,no,yes
76,1,299.0,168.0,140.53,1.68,164.45,31.92,no,yes
76,1,299.0,168.0,108.61,105.53,115.21,113.53,invisible,no
77,1,317.0,159.0,85.59,62.01,145.82,131.97,yes,yes
78,1,299.0,168.0,125.58,26.88,152.49,57.12,no,yes
78,1,299.0,168.0,269.1,104.16,278.07,114.24,invisible,no
79,1,265.0,190.0,135.15,68.4,145.75,87.4,yes,yes
79,1,265.0,190.0,258.01,63.79,265.0,78.79,invisible,yes
79,1,265.0,190.0,180.2,62.7,193.45,81.7,yes,yes
79,1,265.0,190.0,206.7,70.3,214.65,85.5,invisible,no
79,1,265.0,190.0,214.65,70.3,225.25,87.4,yes,no
79,1,265.0,190.0,29.15,62.7,45.05,85.5,invisible,no
79,1,265.0,190.0,190.8,64.6,204.05,81.7,invisible,yes
79,1,265.0,190.0,90.1,60.8,108.65,83.6,invisible,no
79,1,265.0,190.0,148.4,64.6,164.3,85.5,invisible,yes
79,1,265.0,190.0,225.25,66.5,241.15,87.4,invisible,no
80,1,275.0,183.0,121.0,42.09,154.0,82.35,no,yes
80,1,275.0,183.0,154.0,9.15,162.25,18.3,invisible,yes
80,1,275.0,183.0,200.75,34.77,222.75,64.05,no,yes
80,1,275.0,183.0,40.0,18.53,46.8,28.43,yes,yes
80,1,275.0,183.0,0.3,14.43,9.6,21.93,yes,yes
80,1,275.0,183.0,14.0,23.43,20.7,30.63,yes,yes
80,1,275.0,183.0,39.27,40.79,46.8,44.93,yes,yes
80,1,275.0,183.0,131.51,6.8,140.51,14.4,yes,yes
80,1,275.0,183.0,181.96,22.52,191.81,32.54,yes,yes
82,1,1020.0,574.0,371.14,356.88,395.12,387.23,yes,no
82,1,1020.0,574.0,729.49,283.55,769.19,321.99,yes,no
82,1,1020.0,574.0,467.84,7.37,563.51,103.88,yes,no
84,1,225.0,225.0,192.58,58.67,206.86,77.31,invisible,no
84,1,225.0,225.0,52.23,14.26,89.53,51.27,yes,no
84,1,225.0,225.0,135.8,52.09,159.71,75.1,yes,no
84,1,225.0,225.0,161.08,57.02,175.3,74.57,yes,no
90,1,283.0,178.0,136.2,20.3,175.8,69.2,yes,yes
92,1,300.0,168.0,168.29,18.2,203.3,58.1,yes,yes
94,1,259.0,194.0,102.48,4.72,141.8,53.8,yes,yes
94,1,259.0,194.0,11.31,100.73,18.0,108.43,invisible,no
96,1,300.0,168.0,135.1,62.9,154.0,87.2,yes,yes
98,1,696.0,391.0,97.44,27.37,146.16,86.02,yes,yes
98,1,696.0,391.0,515.04,93.84,556.8,140.76,yes,yes
98,1,696.0,391.0,69.6,27.37,118.32,89.93,yes,yes
98,1,696.0,391.0,306.24,39.1,348.0,86.02,invisible,yes
98,1,696.0,391.0,229.68,23.46,278.4,74.29,no,yes
99,1,300.0,168.0,156.0,18.48,168.0,35.28,invisible,no
99,1,300.0,168.0,82.84,15.0,96.3,31.9,yes,yes
99,1,300.0,168.0,134.3,35.7,150.67,55.4,yes,yes
99,1,300.0,168.0,240.0,72.24,261.0,99.12,no,yes
99,1,300.0,168.0,90.0,48.72,108.0,67.2,invisible,yes
99,1,300.0,168.0,201.0,47.04,222.0,72.24,yes,no
99,1,300.0,168.0,177.0,25.2,195.0,45.36,no,yes
99,1,300.0,168.0,96.0,75.6,117.0,100.8,no,yes
99,1,300.0,168.0,39.0,62.16,60.0,85.68,no,no
100,1,299.0,168.0,56.81,33.6,77.74,58.8,no,yes
101,1,328.0,153.0,219.76,6.12,285.36,67.32,no,no
102,1,288.0,175.0,178.56,54.25,190.08,68.25,invisible,yes
102,1,288.0,175.0,118.08,59.5,126.72,70.0,invisible,no
102,1,288.0,175.0,83.52,35.0,89.28,43.75,invisible,no
102,1,288.0,175.0,213.12,68.25,221.76,77.0,invisible,no
102,1,288.0,175.0,152.85,7.23,156.45,11.23,invisible,no
102,1,288.0,175.0,165.13,23.17,170.23,28.47,invisible,no
102,1,288.0,175.0,121.09,111.2,132.29,123.7,invisible,yes
102,1,288.0,175.0,81.65,84.98,92.95,94.08,invisible,yes
102,1,288.0,175.0,172.96,13.29,177.05,17.39,invisible,no
102,1,288.0,175.0,49.08,22.03,52.28,25.32,invisible,no
102,1,288.0,175.0,10.75,16.22,14.75,20.12,invisible,no
102,1,288.0,175.0,133.11,62.31,141.31,73.4,invisible,yes
102,1,288.0,175.0,135.1,43.4,143.31,52.7,invisible,yes
102,1,288.0,175.0,141.73,7.87,145.53,13.3,invisible,no
102,1,288.0,175.0,171.9,17.5,178.9,24.5,invisible,no
103,1,275.0,183.0,165.0,58.56,192.5,98.82,no,yes
103,1,275.0,183.0,140.25,56.73,176.0,102.48,yes,yes
103,1,275.0,183.0,176.0,56.73,217.25,100.65,no,yes
104,1,201.0,251.0,109.4,84.4,131.7,116.2,yes,yes
104,1,201.0,251.0,62.31,60.24,106.53,117.97,no,no
104,1,201.0,251.0,148.5,82.56,181.4,121.6,yes,yes
105,1,300.0,168.0,126.0,16.8,162.0,60.48,yes,yes
106,1,299.0,168.0,107.64,25.2,119.6,38.64,invisible,no
106,1,299.0,168.0,107.64,35.28,125.58,53.76,yes,no
106,1,299.0,168.0,59.8,28.56,71.76,43.68,yes,no
106,1,299.0,168.0,128.57,20.16,140.53,33.6,no,no
106,1,299.0,168.0,272.09,26.88,293.02,50.4,yes,yes
106,1,299.0,168.0,248.17,45.36,272.09,72.24,yes,no
106,1,299.0,168.0,68.77,28.56,86.71,52.08,yes,no
106,1,299.0,168.0,26.91,18.48,47.84,42.0,yes,no
106,1,299.0,168.0,131.56,36.96,149.5,60.48,yes,no
106,1,299.0,168.0,212.29,40.32,233.22,60.48,yes,no
106,1,299.0,168.0,8.97,31.92,35.88,62.16,yes,no
106,1,299.0,168.0,86.71,36.96,113.62,68.88,yes,no
106,1,299.0,168.0,35.88,89.04,101.66,161.28,invisible,yes
106,1,299.0,168.0,0.0,79.4,23.04,115.68,invisible,no
106,1,299.0,168.0,287.04,31.92,299.0,48.72,invisible,no
106,1,299.0,168.0,161.46,26.88,173.42,43.68,no,yes
107,1,275.0,183.0,0.0,25.85,15.93,41.75,invisible,no
107,1,275.0,183.0,46.75,3.66,71.5,34.77,no,no
108,1,259.0,194.0,145.3,64.4,174.6,91.7,yes,yes
108,1,259.0,194.0,132.09,48.5,147.63,69.84,no,no
108,1,259.0,194.0,142.45,114.46,170.94,151.32,no,yes
108,1,259.0,194.0,73.1,55.0,90.1,75.8,yes,yes
108,1,259.0,194.0,227.8,63.27,238.7,74.3,yes,yes
109,1,275.0,183.0,33.0,21.96,115.5,129.93,no,yes
109,1,275.0,183.0,176.0,9.15,258.5,117.12,yes,yes
110,1,300.0,168.0,252.0,82.32,276.0,102.48,no,no
110,1,300.0,168.0,96.0,62.16,111.0,78.96,invisible,no
110,1,300.0,168.0,144.0,25.2,162.0,45.36,no,no
110,1,300.0,168.0,180.0,109.0,195.0,122.44,invisible,no
111,1,299.0,168.0,44.85,38.64,62.79,58.8,no,no
111,1,299.0,168.0,68.77,65.52,82.3,76.8,invisible,yes
111,1,299.0,168.0,122.59,10.08,152.49,40.32,yes,yes
111,1,299.0,168.0,8.97,50.4,23.92,67.2,invisible,yes
111,1,299.0,168.0,0.0,84.0,14.95,100.8,no,no
112,1,258.0,195.0,49.02,15.6,90.3,76.05,no,yes
113,1,309.0,163.0,9.56,46.65,21.92,59.69,yes,no
113,1,309.0,163.0,46.35,35.86,61.8,50.53,invisible,no
113,1,309.0,163.0,169.95,0.0,210.12,35.86,yes,no
114,1,275.0,183.0,231.0,40.26,261.25,82.35,no,yes
114,1,275.0,183.0,8.25,32.94,44.0,82.35,yes,yes
114,1,275.0,183.0,118.25,29.28,159.5,86.01,no,yes
114,1,275.0,183.0,71.5,42.09,104.5,93.33,no,yes
114,1,275.0,183.0,192.5,53.07,217.25,89.67,yes,yes
114,1,275.0,183.0,55.0,47.58,77.0,80.52,yes,yes
115,1,275.0,183.0,159.5,96.99,170.5,109.8,invisible,yes
115,1,275.0,183.0,121.0,95.16,140.25,118.95,no,yes
115,1,275.0,183.0,82.5,93.33,93.5,104.31,invisible,yes
116,1,310.0,163.0,80.6,94.54,127.1,141.81,no,yes
116,1,310.0,163.0,232.5,112.47,254.2,138.55,yes,yes
117,1,275.0,183.0,66.0,5.49,93.5,43.92,no,yes
117,1,275.0,183.0,195.25,14.64,222.75,47.58,invisible,yes
117,1,275.0,183.0,178.75,20.13,198.0,43.92,no,yes
117,1,275.0,183.0,121.0,18.3,145.75,47.58,invisible,yes
118,1,275.0,183.0,19.9,127.98,30.2,135.98,invisible,yes
118,1,275.0,183.0,99.0,104.31,110.0,118.95,yes,yes
120,1,321.0,157.0,182.97,4.71,266.43,97.34,no,yes
121,1,318.0,159.0,22.26,0.0,155.82,120.84,yes,no
122,1,300.0,168.0,162.0,13.44,183.0,37.5,invisible,no
122,1,300.0,168.0,225.0,23.52,243.0,45.36,yes,no
123,1,275.0,183.0,173.25,53.07,184.25,69.54,invisible,no
123,1,275.0,183.0,218.85,44.35,235.79,62.25,invisible,yes
123,1,275.0,183.0,154.0,47.58,170.5,69.54,no,yes
123,1,275.0,183.0,41.25,53.07,55.0,71.37,invisible,no
123,1,275.0,183.0,2.75,47.58,16.5,64.05,no,yes
123,1,275.0,183.0,140.25,54.9,154.0,73.2,invisible,no
123,1,275.0,183.0,181.5,43.92,200.75,65.88,yes,yes
123,1,275.0,183.0,19.25,51.24,35.75,69.54,no,no
124,1,259.0,194.0,80.29,116.4,98.42,141.62,invisible,no
124,1,259.0,194.0,85.47,32.98,93.24,44.62,invisible,yes
124,1,259.0,194.0,103.6,31.04,113.96,44.62,invisible,yes
124,1,259.0,194.0,199.4,29.75,208.4,38.4,invisible,no
124,1,259.0,194.0,48.18,33.34,61.48,48.54,no,no
124,1,259.0,194.0,64.71,79.2,76.37,91.97,invisible,no
125,1,283.0,178.0,65.09,0.0,84.9,16.02,invisible,no
125,1,283.0,178.0,181.12,37.38,195.27,53.4,no,no
125,1,283.0,178.0,118.86,35.6,130.18,53.4,invisible,no
125,1,283.0,178.0,161.31,24.92,178.29,46.28,yes,yes
125,1,283.0,178.0,76.41,24.92,99.05,51.62,yes,yes
125,1,283.0,178.0,135.84,10.68,158.48,40.94,yes,yes
126,1,299.0,168.0,176.41,38.64,197.34,63.84,yes,yes
127,1,310.0,162.0,161.2,1.62,232.5,71.28,no,no
128,1,308.0,163.0,249.48,24.45,277.2,55.42,no,yes
128,1,308.0,163.0,190.96,39.12,215.6,66.83,no,yes
129,1,297.0,170.0,240.57,39.1,264.33,71.4,yes,no
129,1,297.0,170.0,127.71,117.3,136.62,129.2,invisible,no
129,1,297.0,170.0,145.53,86.7,157.41,96.9,invisible,no
129,1,297.0,170.0,178.2,85.0,187.11,96.9,invisible,no
129,1,297.0,170.0,20.79,1.7,59.4,40.8,invisible,yes
129,1,297.0,170.0,163.35,117.3,172.26,129.2,invisible,no
129,1,297.0,170.0,115.83,86.7,124.74,98.6,invisible,no
130,1,299.0,168.0,188.37,43.68,209.3,65.52,invisible,no
131,1,275.0,183.0,211.75,87.84,225.5,104.31,invisible,no
131,1,275.0,183.0,55.96,85.95,69.46,95.1,invisible,no
132,1,300.0,168.0,90.0,63.84,114.0,97.44,no,yes
132,1,300.0,168.0,204.0,3.36,243.0,45.36,no,yes
133,1,337.0,149.0,235.9,32.78,249.38,44.7,invisible,no
133,1,337.0,149.0,70.77,64.07,90.99,80.46,no,yes
133,1,337.0,149.0,90.99,41.72,117.95,67.05,yes,yes
133,1,337.0,149.0,161.76,47.68,185.35,70.03,invisible,yes
134,1,259.0,194.0,95.83,162.96,103.6,174.6,invisible,yes
134,1,259.0,194.0,73.71,100.6,78.61,105.01,invisible,no
134,1,259.0,194.0,147.06,102.9,153.16,108.1,invisible,no
134,1,259.0,194.0,208.78,163.75,215.07,170.75,invisible,no
135,1,275.0,183.0,71.5,31.11,93.5,60.39,no,yes
136,1,266.0,189.0,140.98,3.78,226.1,124.74,no,yes
136,1,266.0,189.0,42.56,43.47,133.0,149.31,no,yes
137,1,310.0,163.0,188.69,68.24,192.99,71.84,invisible,no
137,1,310.0,163.0,257.79,67.64,263.19,72.04,invisible,no
137,1,310.0,163.0,288.3,66.83,291.4,71.72,invisible,no
138,1,310.0,163.0,222.58,41.05,226.88,44.75,invisible,no
138,1,310.0,163.0,242.18,44.65,245.88,47.45,invisible,no
138,1,310.0,163.0,262.28,42.65,265.68,46.85,invisible,yes
138,1,310.0,163.0,295.48,47.75,299.48,51.35,invisible,yes
138,1,310.0,163.0,222.95,116.68,228.35,124.08,invisible,no
138,1,310.0,163.0,275.9,99.43,297.6,122.25,yes,yes
138,1,310.0,163.0,235.6,48.9,241.8,55.42,invisible,no
139,1,275.0,183.0,164.67,4.9,169.78,10.7,invisible,yes
139,1,275.0,183.0,222.75,142.74,233.75,155.55,invisible,yes
139,1,275.0,183.0,118.25,5.49,123.75,12.81,invisible,no
139,1,275.0,183.0,198.0,142.74,209.0,155.55,invisible,yes
139,1,275.0,183.0,167.5,56.64,172.68,63.56,invisible,yes
139,1,275.0,183.0,80.51,123.55,88.67,131.35,invisible,yes
140,1,275.0,183.0,123.75,10.98,192.5,95.16,no,yes
141,1,293.0,172.0,5.86,27.52,131.85,158.24,invisible,yes
142,1,310.0,163.0,74.4,50.53,89.9,65.2,invisible,no
143,1,277.0,182.0,44.32,74.62,77.56,105.56,no,yes
144,1,275.0,183.0,165.0,56.73,187.0,86.01,yes,yes
144,1,275.0,183.0,27.5,51.24,35.75,62.22,invisible,yes
144,1,275.0,183.0,44.0,53.07,55.0,67.71,yes,no
144,1,275.0,183.0,209.6,93.4,264.2,128.8,yes,yes
145,1,351.0,143.0,101.79,7.15,129.87,27.17,yes,no
145,1,351.0,143.0,166.61,13.76,179.35,29.96,invisible,no
145,1,351.0,143.0,203.58,1.43,231.66,27.17,yes,no
146,1,267.0,189.0,141.51,1.89,205.59,90.72,yes,no
147,1,300.0,168.0,153.0,129.36,162.0,142.8,invisible,no
147,1,300.0,168.0,180.0,21.84,210.0,60.48,no,no
147,1,300.0,168.0,78.0,21.84,108.0,62.16,no,yes
147,1,300.0,168.0,123.0,25.2,150.0,60.48,yes,no
147,1,300.0,168.0,201.0,25.2,225.0,57.12,yes,no
148,1,194.0,259.0,9.7,111.37,19.4,124.32,yes,no
148,1,194.0,259.0,106.7,75.11,188.18,186.48,yes,no
148,1,194.0,259.0,73.72,93.24,110.58,139.86,no,no
149,1,292.0,173.0,181.04,1.73,221.92,53.63,no,yes
150,1,268.0,188.0,101.84,20.68,139.36,67.68,invisible,yes
150,1,268.0,188.0,238.52,150.4,243.88,157.92,invisible,no
151,1,275.0,183.0,107.25,25.62,145.75,69.54,no,no
151,1,275.0,183.0,176.0,9.15,209.0,47.58,no,yes
151,1,275.0,183.0,159.5,25.62,192.5,64.05,invisible,yes
152,1,275.0,183.0,126.5,73.2,145.75,98.82,no,no
152,1,275.0,183.0,8.25,86.01,16.5,95.16,invisible,yes
152,1,275.0,183.0,90.75,82.35,101.75,98.82,invisible,no
152,1,275.0,183.0,45.24,89.57,50.64,95.67,invisible,yes
153,1,258.0,195.0,117.12,102.1,123.12,107.51,invisible,no
153,1,258.0,195.0,165.12,27.3,216.72,101.4,invisible,yes
153,1,258.0,195.0,92.88,95.55,105.78,111.15,no,yes
154,1,259.0,194.0,129.5,3.88,168.35,54.32,yes,yes
154,1,259.0,194.0,224.48,83.16,229.78,86.36,invisible,no
155,1,238.0,212.0,70.2,16.96,175.6,111.1,invisible,no
156,1,300.0,168.0,149.42,62.09,170.15,83.8,invisible,yes
156,1,300.0,168.0,75.0,6.72,114.0,53.76,no,yes
156,1,300.0,168.0,136.49,43.59,153.39,69.5,invisible,yes
156,1,300.0,168.0,166.9,61.51,179.61,79.4,invisible,yes
156,1,300.0,168.0,111.0,42.0,141.0,73.92,no,yes
156,1,300.0,168.0,162.0,52.08,171.0,63.84,invisible,no
157,1,299.0,169.0,242.19,37.18,254.15,49.01,invisible,yes
157,1,299.0,169.0,272.09,27.04,299.0,60.84,yes,no
157,1,299.0,169.0,122.59,35.49,137.54,52.39,invisible,yes
157,1,299.0,169.0,197.43,43.96,203.83,49.26,invisible,yes
157,1,299.0,169.0,14.95,35.49,32.89,54.08,yes,no
158,1,275.0,183.0,126.5,21.96,151.25,54.9,yes,yes
158,1,275.0,183.0,24.75,38.43,44.0,65.88,yes,yes
159,1,275.0,183.0,133.0,80.0,150.2,98.1,yes,yes
160,1,275.0,183.0,24.75,54.9,41.25,75.03,invisible,no
160,1,275.0,183.0,44.0,47.58,66.0,76.86,invisible,yes
161,1,308.0,164.0,36.96,26.24,58.52,50.84,invisible,no
161,1,308.0,164.0,138.6,36.08,150.92,50.84,invisible,no
161,1,308.0,164.0,209.44,34.44,224.84,54.12,yes,yes
162,1,275.0,183.0,151.25,0.0,272.25,148.23,no,no
163,1,318.0,159.0,184.44,25.44,206.7,49.29,no,yes
164,1,311.0,162.0,205.26,100.44,227.03,123.12,no,yes
164,1,311.0,162.0,177.27,100.44,199.04,124.74,yes,no
164,1,311.0,162.0,149.28,90.72,177.27,118.26,no,yes
165,1,278.0,181.0,69.5,5.43,133.44,81.45,yes,yes
165,1,278.0,181.0,33.36,54.3,66.72,88.69,no,yes
165,1,278.0,181.0,152.9,30.77,191.82,83.26,yes,no
165,1,278.0,181.0,186.26,52.49,211.28,86.88,yes,no
167,1,299.0,168.0,194.35,20.16,236.21,67.2,yes,yes
168,1,284.0,177.0,193.5,134.7,201.2,142.4,yes,yes
168,1,284.0,177.0,54.66,90.34,58.86,93.94,invisible,yes
168,1,284.0,177.0,172.55,47.89,177.15,53.09,invisible,yes
168,1,284.0,177.0,99.0,37.37,102.5,41.47,invisible,yes
168,1,284.0,177.0,257.83,87.59,261.83,92.79,invisible,yes
168,1,284.0,177.0,139.16,155.76,144.84,161.07,invisible,yes
168,1,284.0,177.0,206.7,164.8,215.3,173.7,yes,yes
168,1,284.0,177.0,204.1,134.5,212.3,144.3,yes,yes
169,1,275.0,183.0,46.64,94.13,52.25,98.45,invisible,yes
169,1,275.0,183.0,258.5,109.8,264.0,117.12,invisible,yes
169,1,275.0,183.0,76.65,102.6,81.8,107.69,invisible,yes
169,1,275.0,183.0,176.0,100.65,181.5,109.8,invisible,no
169,1,275.0,183.0,143.0,100.65,151.25,111.63,invisible,no
169,1,275.0,183.0,220.0,106.14,225.5,115.29,invisible,yes
169,1,275.0,183.0,160.15,103.82,166.15,110.12,invisible,yes
169,1,275.0,183.0,90.75,98.82,99.0,107.97,invisible,yes
169,1,275.0,183.0,206.25,106.14,212.8,113.46,invisible,yes
170,1,310.0,162.0,65.1,12.96,83.7,32.4,invisible,yes
170,1,310.0,162.0,145.7,8.1,167.4,30.78,invisible,no
171,1,299.0,168.0,74.75,8.4,110.63,50.4,no,yes
172,1,279.0,181.0,164.61,28.96,181.35,50.68,no,no
172,1,279.0,181.0,69.75,3.62,92.07,28.96,no,no
173,1,274.0,184.0,131.71,71.6,171.81,110.7,yes,yes
173,1,274.0,184.0,68.34,73.8,88.74,93.5,yes,yes
174,1,284.0,177.0,198.8,67.26,258.44,129.21,yes,yes
175,1,300.0,168.0,0.0,29.37,16.81,86.17,no,no
175,1,300.0,168.0,207.0,33.6,261.0,90.72,no,no
175,1,300.0,168.0,78.0,3.36,138.0,72.24,no,no
175,1,300.0,168.0,111.0,6.72,168.0,82.32,no,no
176,1,275.0,183.0,109.17,22.4,126.82,47.49,yes,yes
176,1,275.0,183.0,262.0,0.46,275.0,15.04,invisible,yes
176,1,275.0,183.0,222.28,8.31,233.19,19.45,invisible,yes
176,1,275.0,183.0,25.69,24.85,33.27,34.04,invisible,yes
176,1,275.0,183.0,46.75,23.79,57.75,36.6,invisible,no
176,1,275.0,183.0,126.5,12.81,151.25,42.09,invisible,yes
176,1,275.0,183.0,156.75,27.45,181.5,58.56,yes,yes
176,1,275.0,183.0,198.0,21.96,228.25,60.39,yes,yes
176,1,275.0,183.0,68.06,25.19,81.07,37.96,invisible,yes
176,1,275.0,183.0,75.26,34.94,89.2,51.67,invisible,yes
176,1,275.0,183.0,94.77,32.16,109.64,51.2,invisible,yes
177,1,299.0,168.0,287.04,48.72,293.02,55.44,invisible,no
177,1,299.0,168.0,66.2,26.1,102.8,71.89,yes,yes
177,1,299.0,168.0,188.37,18.48,212.29,42.0,invisible,yes
179,1,294.0,171.0,139.49,91.52,144.19,95.72,invisible,yes
179,1,294.0,171.0,65.96,89.87,70.16,93.47,invisible,yes
179,1,294.0,171.0,275.87,149.67,280.77,154.67,invisible,yes
179,1,294.0,171.0,88.2,152.19,97.02,162.45,invisible,yes
179,1,294.0,171.0,199.92,152.19,208.74,160.74,invisible,yes
180,1,300.0,168.0,174.0,26.88,219.0,80.64,yes,yes
182,1,310.0,163.0,223.2,73.35,232.5,83.13,invisible,no
182,1,310.0,163.0,161.2,81.5,179.8,99.43,invisible,no
182,1,310.0,163.0,207.7,71.72,223.2,89.65,invisible,yes
182,1,310.0,163.0,241.8,78.24,260.4,99.43,invisible,yes
183,1,284.0,177.0,19.88,28.32,39.76,51.33,no,yes
183,1,284.0,177.0,65.32,54.87,73.84,65.49,invisible,no
183,1,284.0,177.0,207.32,33.63,227.2,54.87,yes,yes
183,1,284.0,177.0,105.08,28.32,116.44,42.48,invisible,no
184,1,296.0,170.0,183.52,98.6,195.36,115.6,yes,yes
184,1,296.0,170.0,29.6,62.9,47.36,79.9,yes,yes
184,1,296.0,170.0,227.92,64.6,239.76,78.2,yes,no
184,1,296.0,170.0,251.6,71.4,263.44,85.0,no,no
184,1,296.0,170.0,210.16,74.8,224.96,91.8,yes,yes
184,1,296.0,170.0,156.88,95.2,171.68,112.2,yes,yes
184,1,296.0,170.0,74.0,102.0,88.8,119.0,yes,yes
184,1,296.0,170.0,103.6,98.6,115.44,113.9,yes,yes
184,1,296.0,170.0,136.16,96.9,148.0,112.2,yes,no
185,1,275.0,183.0,44.0,102.48,99.0,175.68,yes,no
185,1,275.0,183.0,104.5,51.24,184.25,142.74,yes,no
186,1,300.0,168.0,111.0,8.4,156.0,53.76,no,yes
186,1,300.0,168.0,21.0,40.32,156.0,183.12,no,no
187,1,299.0,168.0,170.9,48.4,200.0,77.0,yes,yes
187,1,299.0,168.0,105.78,131.88,111.83,138.66,invisible,no
187,1,299.0,168.0,109.11,115.83,115.16,121.14,invisible,no
188,1,300.0,168.0,189.0,15.12,234.0,63.84,yes,no
189,1,272.0,185.0,128.09,63.09,133.99,69.09,invisible,yes
189,1,272.0,185.0,157.13,15.72,161.43,20.32,invisible,yes
189,1,272.0,185.0,181.09,127.7,186.49,134.3,invisible,yes
189,1,272.0,185.0,171.66,116.46,177.66,121.0,invisible,yes
189,1,272.0,185.0,156.03,91.52,161.92,96.92,invisible,yes
189,1,272.0,185.0,224.73,55.64,231.13,61.24,invisible,yes
189,1,272.0,185.0,144.89,54.2,150.09,60.1,invisible,yes
189,1,272.0,185.0,87.04,138.75,97.92,153.55,invisible,no
190,1,275.0,183.0,148.5,18.3,178.75,58.56,no,yes
190,1,275.0,183.0,93.5,23.79,121.0,62.22,no,yes
190,1,275.0,183.0,176.0,25.62,198.0,53.07,invisible,no
191,1,275.0,183.0,112.75,65.88,129.25,87.84,yes,no
191,1,275.0,183.0,19.25,54.9,49.5,96.99,no,yes
191,1,275.0,183.0,154.0,67.71,165.0,86.01,yes,yes
191,1,275.0,183.0,187.0,73.2,198.0,91.5,yes,yes
191,1,275.0,183.0,74.25,73.2,85.25,89.67,yes,yes
191,1,275.0,183.0,-0.0,40.26,33.0,106.14,invisible,yes
191,1,275.0,183.0,255.75,73.2,275.0,104.31,yes,yes
191,1,275.0,183.0,242.0,60.39,258.5,84.18,yes,yes
191,1,275.0,183.0,217.25,71.37,233.75,93.33,yes,yes
191,1,275.0,183.0,167.75,60.39,187.0,89.67,yes,no
191,1,275.0,183.0,134.75,65.88,154.0,89.67,yes,no
191,1,275.0,183.0,96.25,62.22,115.5,89.67,yes,no
192,1,264.0,191.0,176.88,74.49,190.08,95.5,no,yes
193,1,300.0,168.0,189.0,63.84,213.0,89.04,invisible,yes
193,1,300.0,168.0,78.0,95.76,99.0,119.28,yes,yes
193,1,300.0,168.0,123.0,13.44,177.0,89.04,yes,yes
193,1,300.0,168.0,51.0,80.64,66.0,100.8,yes,no
194,1,284.0,177.0,139.16,56.64,153.36,72.57,no,no
194,1,284.0,177.0,62.48,60.18,79.52,77.88,invisible,yes
195,1,263.0,192.0,200.89,119.07,209.99,127.47,invisible,yes
195,1,263.0,192.0,248.99,115.77,258.79,124.17,invisible,yes
195,1,263.0,192.0,228.39,110.57,236.59,118.77,invisible,yes
195,1,263.0,192.0,57.67,118.83,67.27,128.63,invisible,yes
195,1,263.0,192.0,128.87,119.04,139.39,130.56,invisible,yes
195,1,263.0,192.0,147.28,107.52,152.54,117.12,invisible,yes
195,1,263.0,192.0,99.94,122.88,105.2,132.48,no,yes
196,1,259.0,194.0,165.76,36.86,199.43,85.36,invisible,yes
198,1,214.0,235.0,57.78,72.85,74.9,94.0,invisible,no
199,1,299.0,168.0,158.47,20.16,176.41,40.32,invisible,no
199,1,299.0,168.0,41.1,121.0,65.1,150.0,yes,yes
200,1,275.0,183.0,74.25,21.96,79.75,32.94,invisible,no
200,1,275.0,183.0,68.75,56.73,77.0,67.71,invisible,no
200,1,275.0,183.0,132.0,58.56,143.0,73.2,yes,yes
200,1,275.0,183.0,77.0,58.56,90.75,75.03,no,yes
200,1,275.0,183.0,258.5,34.77,275.0,60.39,no,yes
200,1,275.0,183.0,118.25,58.56,129.25,73.2,invisible,yes
200,1,275.0,183.0,159.5,38.43,178.75,60.39,no,yes
200,1,275.0,183.0,184.25,29.28,206.25,54.9,no,yes
200,1,275.0,183.0,16.5,51.24,30.25,69.54,invisible,yes
200,1,275.0,183.0,96.25,56.73,104.5,71.37,invisible,yes
200,1,275.0,183.0,46.75,69.54,79.75,107.97,no,yes
200,1,275.0,183.0,222.75,31.11,250.25,62.22,no,yes
201,1,300.0,168.0,48.0,62.16,129.0,157.92,no,yes
201,1,300.0,168.0,132.0,3.36,231.0,120.96,no,yes
202,1,284.0,177.0,153.36,40.71,224.36,130.98,no,yes
202,1,284.0,177.0,65.32,31.86,119.28,99.12,no,yes
203,1,275.0,183.0,129.25,111.63,140.25,126.27,invisible,yes
203,1,275.0,183.0,182.95,83.31,194.7,93.61,invisible,yes
203,1,275.0,183.0,49.5,122.61,74.25,155.55,invisible,yes
203,1,275.0,183.0,31.4,133.0,40.0,142.5,yes,yes
204,1,282.0,179.0,119.59,60.09,138.15,79.4,invisible,yes
204,1,282.0,179.0,101.52,51.91,124.08,76.97,no,yes
204,1,282.0,179.0,19.74,44.75,36.66,64.44,yes,yes
204,1,282.0,179.0,163.56,53.7,183.3,76.97,yes,yes
204,1,282.0,179.0,219.96,53.7,242.52,84.13,no,yes
204,1,282.0,179.0,52.02,45.15,70.79,64.24,yes,yes
205,1,275.0,183.0,126.5,47.58,165.0,100.65,yes,yes
205,1,275.0,183.0,37.6,46.19,43.36,50.89,invisible,no
205,1,275.0,183.0,26.66,52.09,31.16,55.99,invisible,no
206,1,257.0,196.0,117.92,13.98,142.62,43.0,invisible,yes
206,1,257.0,196.0,30.84,27.44,48.83,52.92,no,yes
206,1,257.0,196.0,58.4,15.6,92.52,58.8,invisible,yes
206,1,257.0,196.0,45.14,35.2,63.13,60.35,invisible,yes
206,1,257.0,196.0,141.5,19.7,172.19,58.2,invisible,yes
206,1,257.0,196.0,89.95,25.6,114.6,59.1,no,yes
207,1,300.0,168.0,150.0,8.4,192.0,58.8,no,yes
208,1,299.0,168.0,143.52,1.68,176.41,40.32,no,yes
209,1,300.0,168.0,129.0,16.8,150.0,38.64,invisible,no
209,1,300.0,168.0,30.0,10.08,51.0,38.64,invisible,no
209,1,300.0,168.0,221.2,41.36,239.7,61.52,no,yes
209,1,300.0,168.0,45.0,11.76,63.0,36.96,invisible,yes
209,1,300.0,168.0,99.0,10.08,120.0,33.6,no,yes
211,1,300.0,168.0,45.0,53.76,78.0,94.08,no,yes
212,1,300.0,168.0,90.0,31.92,120.0,63.84,invisible,yes
213,1,299.0,168.0,230.23,30.24,296.01,119.28,no,yes
213,1,299.0,168.0,170.43,5.04,239.2,94.08,no,yes
213,1,299.0,168.0,8.97,105.84,29.9,129.36,invisible,no
214,1,280.0,180.0,56.0,5.4,100.8,55.8,no,yes
215,1,272.0,185.0,163.2,62.9,174.08,77.7,invisible,no
215,1,272.0,185.0,109.74,46.9,115.14,52.0,yes,yes
215,1,272.0,185.0,35.36,55.5,43.52,66.6,invisible,yes
215,1,272.0,185.0,95.2,68.45,100.64,75.85,invisible,no
215,1,272.0,185.0,130.56,55.5,141.44,70.3,invisible,yes
215,1,272.0,185.0,68.0,57.35,84.32,81.4,yes,yes
216,1,294.0,171.0,76.44,10.26,108.78,46.17,yes,no
217,1,259.0,195.0,64.75,15.6,126.91,95.55,no,no
217,1,259.0,195.0,132.09,60.45,202.02,154.05,no,no
218,1,205.0,246.0,73.8,12.3,153.75,103.32,no,yes
219,1,318.0,159.0,178.08,90.63,216.24,138.33,yes,yes
220,1,284.0,177.0,238.56,23.01,261.28,54.87,no,no
220,1,284.0,177.0,147.68,26.55,176.08,61.95,no,yes
220,1,284.0,177.0,88.04,21.24,119.28,63.72,yes,yes
221,1,251.0,201.0,97.89,18.09,148.09,88.44,no,no
223,1,268.0,188.0,192.96,0.0,259.96,75.2,no,no
224,1,194.0,259.0,64.02,15.54,114.46,75.11,yes,yes
225,1,259.0,194.0,116.55,17.46,196.84,129.98,no,no
226,1,276.0,183.0,253.92,107.97,276.0,133.59,invisible,no
226,1,276.0,183.0,179.4,111.3,201.48,141.4,no,no
226,1,276.0,183.0,140.76,3.66,193.2,76.86,no,yes
227,1,300.0,168.0,123.0,31.92,153.0,72.24,no,no
227,1,300.0,168.0,267.0,43.68,300.0,84.0,no,yes
227,1,300.0,168.0,39.0,6.72,78.0,57.12,no,yes
227,1,300.0,168.0,204.0,35.28,243.0,82.32,no,yes
227,1,300.0,168.0,75.0,42.0,102.0,75.6,no,no
227,1,300.0,168.0,153.0,52.08,174.0,77.28,invisible,yes
228,1,297.0,170.0,196.02,45.9,225.72,71.4,invisible,yes
229,1,276.0,182.0,242.88,94.64,253.92,107.38,invisible,yes
229,1,276.0,182.0,85.56,78.26,102.12,100.1,no,yes
230,1,297.0,170.0,198.99,0.0,240.57,45.9,yes,no
230,1,297.0,170.0,53.46,0.0,89.1,35.7,yes,no
231,1,318.0,159.0,82.68,1.59,108.12,30.21,no,yes
231,1,318.0,159.0,174.9,79.5,190.8,92.22,no,no
232,1,280.0,180.0,2.8,-0.0,33.6,37.8,no,no
232,1,280.0,180.0,117.6,0.0,151.2,39.6,no,yes
233,1,300.0,168.0,135.0,10.08,183.0,73.92,no,yes
234,1,267.0,189.0,109.47,37.8,133.5,68.04,no,yes
234,1,267.0,189.0,186.9,34.02,248.31,111.51,yes,yes
236,1,275.0,183.0,95.86,96.47,118.44,123.41,invisible,yes
236,1,275.0,183.0,176.04,85.37,198.33,114.63,invisible,yes
236,1,275.0,183.0,93.5,85.61,114.17,104.4,invisible,yes
236,1,275.0,183.0,35.98,81.57,44.27,89.3,invisible,no
237,1,275.0,183.0,123.75,43.92,145.75,69.54,invisible,no
238,1,273.0,184.0,88.87,141.01,97.17,149.61,invisible,no
239,1,312.0,162.0,37.44,0.0,124.8,74.52,no,yes
240,1,300.0,168.0,81.0,99.12,99.0,117.6,invisible,no
240,1,300.0,168.0,141.0,31.92,162.0,55.44,invisible,yes
241,1,318.0,159.0,76.32,81.09,92.22,96.99,invisible,yes
242,1,300.0,168.0,243.0,43.68,273.0,77.28,no,yes
242,1,300.0,168.0,87.0,52.08,105.0,73.92,invisible,yes
242,1,300.0,168.0,111.0,40.32,147.0,80.64,yes,yes
242,1,300.0,168.0,177.0,13.44,219.0,55.44,no,yes
242,1,300.0,168.0,219.0,42.0,237.0,60.48,invisible,no
242,1,300.0,168.0,42.0,43.68,69.0,72.24,yes,no
243,1,290.0,174.0,40.6,26.1,55.1,45.24,invisible,yes
243,1,290.0,174.0,81.2,36.54,89.9,50.46,invisible,yes
243,1,290.0,174.0,101.5,45.24,118.9,66.12,invisible,yes
243,1,290.0,174.0,29.0,34.8,43.5,52.2,yes,yes
243,1,290.0,174.0,52.2,33.06,66.7,50.46,invisible,yes
244,1,201.0,251.0,76.38,62.75,120.6,120.48,yes,yes
244,1,201.0,251.0,-0.0,72.79,40.2,135.54,yes,yes
244,1,201.0,251.0,112.56,40.16,182.91,122.99,yes,yes
245,1,262.0,192.0,94.32,71.04,117.9,103.68,yes,yes
246,1,290.0,174.0,200.1,90.48,217.5,107.88,invisible,no
247,1,300.0,168.0,272.29,59.12,294.79,76.6,invisible,yes
247,1,300.0,168.0,81.0,42.0,108.0,68.88,yes,yes
247,1,300.0,168.0,189.0,65.52,210.0,89.04,no,yes
248,1,264.0,191.0,219.12,22.92,245.52,55.39,invisible,yes
248,1,264.0,191.0,66.0,21.01,95.04,59.21,yes,yes
250,1,311.0,162.0,149.28,76.14,167.94,95.58,no,no
250,1,311.0,162.0,90.19,30.78,121.29,64.8,no,yes
250,1,311.0,162.0,223.92,100.44,239.47,116.64,invisible,yes
250,1,311.0,162.0,192.82,111.78,205.26,126.36,invisible,no
250,1,311.0,162.0,115.08,104.6,125.76,121.6,no,yes
251,1,300.0,168.0,39.0,78.96,60.0,100.8,invisible,no
251,1,300.0,168.0,75.0,92.4,102.0,122.64,invisible,no
251,1,300.0,168.0,120.0,73.92,132.0,87.36,invisible,no
251,1,300.0,168.0,138.0,73.92,153.0,90.72,invisible,no
251,1,300.0,168.0,6.0,82.32,39.0,115.92,invisible,no
251,1,300.0,168.0,138.0,45.36,150.0,57.12,invisible,no
251,1,300.0,168.0,99.0,65.52,111.0,78.96,no,no
251,1,300.0,168.0,273.0,89.04,300.0,134.4,invisible,no
251,1,300.0,168.0,153.0,73.92,171.0,95.76,no,no
251,1,300.0,168.0,213.0,95.76,240.0,124.32,no,no
251,1,300.0,168.0,204.0,70.56,228.0,97.44,invisible,no
254,1,300.0,168.0,231.0,11.76,258.0,40.32,yes,yes
257,1,177.0,285.0,51.33,85.5,106.2,156.75,no,yes
258,1,300.0,168.0,66.0,105.84,72.0,112.56,invisible,no
258,1,300.0,168.0,12.0,92.4,24.0,107.52,invisible,no
258,1,300.0,168.0,36.0,97.44,48.0,109.2,invisible,no
258,1,300.0,168.0,72.0,102.48,78.0,110.88,invisible,yes
258,1,300.0,168.0,102.0,99.12,111.0,109.2,invisible,no
258,1,300.0,168.0,87.0,95.76,99.0,107.52,invisible,no
258,1,300.0,168.0,51.0,104.16,57.0,112.56,invisible,no
259,1,300.0,168.0,177.0,0.0,225.0,55.44,yes,yes
260,1,370.0,136.0,218.3,4.08,251.6,32.64,no,yes
260,1,370.0,136.0,177.6,2.72,210.9,32.64,no,yes
262,1,300.0,168.0,57.0,18.48,99.0,75.6,yes,yes
262,1,300.0,168.0,198.0,31.92,246.0,82.32,yes,yes
263,1,273.0,184.0,35.49,0.0,111.93,97.52,yes,yes
264,1,275.0,183.0,159.5,98.82,173.25,117.12,yes,no
265,1,189.0,267.0,28.35,56.07,43.47,72.09,yes,no
265,1,189.0,267.0,81.27,64.08,90.72,74.76,invisible,yes
265,1,189.0,267.0,15.12,53.4,28.35,72.09,yes,no
266,1,318.0,159.0,190.8,77.91,200.34,87.45,invisible,no
266,1,318.0,159.0,219.42,76.32,235.32,90.63,no,yes
266,1,318.0,159.0,178.08,77.91,187.62,87.45,invisible,yes
266,1,318.0,159.0,244.86,82.68,254.4,93.81,invisible,yes
266,1,318.0,159.0,144.3,54.38,154.52,66.1,invisible,yes
267,1,275.0,183.0,49.5,62.22,79.75,95.16,invisible,yes
267,1,275.0,183.0,222.75,80.52,244.75,106.14,invisible,yes
267,1,275.0,183.0,173.25,67.71,184.25,84.18,invisible,no
268,1,300.0,168.0,78.0,114.24,87.0,122.64,invisible,no
268,1,300.0,168.0,180.0,3.36,225.0,57.12,yes,yes
269,1,394.0,128.0,133.96,20.48,145.78,31.8,invisible,no
269,1,394.0,128.0,185.18,26.88,208.82,42.24,invisible,no
269,1,394.0,128.0,232.46,37.12,244.28,47.36,invisible,no
269,1,394.0,128.0,283.68,26.88,299.44,38.4,invisible,no
269,1,394.0,128.0,260.04,43.52,279.74,56.32,invisible,no
269,1,394.0,128.0,23.48,0.0,54.9,23.38,invisible,no
269,1,394.0,128.0,311.26,33.28,319.14,38.4,invisible,no
269,1,394.0,128.0,78.59,7.52,89.32,21.47,invisible,no
269,1,394.0,128.0,219.49,36.13,227.54,46.33,invisible,no
270,1,275.0,183.0,126.84,127.89,135.24,136.39,invisible,yes
270,1,275.0,183.0,227.06,115.11,234.11,122.99,invisible,yes
270,1,275.0,183.0,217.52,139.16,229.55,148.28,invisible,yes
270,1,275.0,183.0,162.4,111.76,170.1,118.66,invisible,yes
270,1,275.0,183.0,142.4,110.66,149.8,116.66,invisible,yes
270,1,275.0,183.0,125.1,96.83,129.54,100.31,invisible,no
270,1,275.0,183.0,96.34,111.62,102.44,117.22,invisible,yes
270,1,275.0,183.0,79.57,124.44,85.73,130.83,invisible,yes
270,1,275.0,183.0,10.02,118.17,16.4,124.44,invisible,yes
270,1,275.0,183.0,192.5,106.14,198.0,115.29,invisible,yes
270,1,275.0,183.0,134.75,93.33,140.25,100.65,invisible,no
270,1,275.0,183.0,255.75,111.63,264.0,120.78,invisible,yes
271,1,275.0,183.0,57.75,122.61,79.75,146.4,no,no
271,1,275.0,183.0,132.0,23.79,181.5,91.5,yes,yes
271,1,275.0,183.0,255.75,104.31,275.0,139.08,no,no
272,1,275.0,183.0,8.44,14.65,15.14,22.7,invisible,no
272,1,275.0,183.0,156.75,25.62,181.5,60.39,yes,yes
272,1,275.0,183.0,60.5,0.0,104.5,43.92,no,yes
272,1,275.0,183.0,32.59,17.81,38.69,24.01,invisible,yes
273,1,300.0,150.0,57.0,4.5,108.0,66.0,yes,yes
274,1,300.0,168.0,141.0,8.4,153.0,23.52,invisible,yes
274,1,300.0,168.0,126.0,40.32,138.0,52.08,invisible,yes
274,1,300.0,168.0,211.17,74.59,230.87,97.19,invisible,yes
274,1,300.0,168.0,199.88,52.26,214.4,70.75,invisible,yes
274,1,300.0,168.0,197.81,26.86,211.12,44.14,invisible,yes
274,1,300.0,168.0,193.02,17.62,202.38,28.9,invisible,yes
274,1,300.0,168.0,167.54,28.87,177.34,43.77,invisible,yes
274,1,300.0,168.0,105.65,64.81,119.21,84.49,invisible,yes
274,1,300.0,168.0,82.49,48.25,95.69,65.05,invisible,yes
275,1,275.0,183.0,126.5,42.09,148.5,67.71,invisible,yes
277,1,297.0,170.0,142.56,1.7,193.05,62.9,invisible,yes
280,1,299.0,168.0,47.84,35.28,74.75,65.52,yes,no
280,1,299.0,168.0,206.31,11.76,233.22,43.68,yes,yes
281,1,259.0,194.0,189.07,31.04,214.97,65.96,invisible,yes
281,1,259.0,194.0,108.78,60.14,132.09,93.12,yes,yes
281,1,259.0,194.0,151.8,38.8,173.53,67.9,no,yes
281,1,259.0,194.0,45.54,19.94,71.81,45.58,invisible,yes
281,1,259.0,194.0,106.19,100.88,147.63,149.38,invisible,no
281,1,259.0,194.0,111.61,25.27,130.49,46.81,invisible,yes
281,1,259.0,194.0,80.07,54.81,101.0,78.7,invisible,yes
282,1,275.0,183.0,222.75,16.47,247.5,54.9,yes,no
282,1,275.0,183.0,145.75,45.75,154.0,56.73,invisible,no
282,1,275.0,183.0,112.75,49.41,126.5,64.05,invisible,no
282,1,275.0,183.0,44.0,64.05,55.0,80.52,yes,no
282,1,275.0,183.0,96.25,45.75,107.25,58.56,invisible,no
282,1,275.0,183.0,99.09,53.99,114.41,71.41,invisible,no
283,1,283.0,178.0,149.99,37.38,192.44,89.0,invisible,yes
283,1,283.0,178.0,203.76,14.24,285.83,113.92,no,yes
284,1,298.0,169.0,128.14,60.84,154.96,94.64,no,no
285,1,278.0,181.0,108.42,12.67,150.12,65.16,yes,no
286,1,301.0,167.0,36.12,0.0,66.22,28.39,yes,no
286,1,301.0,167.0,80.01,121.59,113.12,160.0,no,yes
286,1,301.0,167.0,83.45,23.63,114.89,54.46,invisible,no
287,1,300.0,168.0,75.0,73.92,105.0,107.52,invisible,no
287,1,300.0,168.0,120.56,89.74,130.87,104.84,invisible,yes
287,1,300.0,168.0,24.0,26.88,105.0,107.52,yes,yes
287,1,300.0,168.0,99.0,78.96,123.0,104.16,no,yes
289,1,264.0,191.0,68.64,7.64,187.44,168.08,yes,no
290,1,262.0,192.0,133.62,24.96,162.44,65.28,no,no
291,1,301.0,167.0,57.19,68.47,81.27,95.19,invisible,yes
291,1,301.0,167.0,210.7,58.45,231.77,78.49,invisible,yes
291,1,301.0,167.0,246.82,65.13,273.91,91.85,invisible,yes
292,1,275.0,183.0,73.51,100.34,81.91,108.8,invisible,yes
292,1,275.0,183.0,60.5,113.46,71.5,126.27,invisible,yes
292,1,275.0,183.0,120.69,99.73,129.09,109.13,invisible,yes
292,1,275.0,183.0,33.56,96.25,43.96,105.85,invisible,yes
292,1,275.0,183.0,194.15,109.31,202.45,118.31,invisible,yes
293,1,274.0,184.0,16.44,71.76,30.14,86.48,invisible,yes
293,1,274.0,184.0,87.68,80.96,98.64,93.84,yes,yes
293,1,274.0,184.0,202.76,18.4,227.42,47.84,no,yes
293,1,274.0,184.0,32.88,79.12,43.84,93.84,no,yes
293,1,274.0,184.0,177.1,111.55,183.3,117.15,yes,yes
293,1,274.0,184.0,153.44,97.52,158.92,104.88,invisible,yes
295,1,275.0,183.0,118.25,34.77,145.75,71.37,invisible,yes
296,1,299.0,168.0,78.79,90.03,83.19,95.13,invisible,no
296,1,299.0,168.0,200.97,104.53,207.97,113.2,invisible,yes
296,1,299.0,168.0,236.21,52.08,266.11,90.72,yes,yes
296,1,299.0,168.0,125.58,28.56,170.43,77.28,yes,yes
296,1,299.0,168.0,56.16,90.1,61.81,94.93,invisible,no
297,1,275.0,183.0,107.25,67.71,126.5,93.33,yes,no
297,1,275.0,183.0,95.34,142.4,101.06,151.13,yes,yes
300,1,299.0,168.0,188.37,15.12,209.3,40.32,invisible,yes
300,1,299.0,168.0,113.62,3.36,137.54,33.6,yes,no
301,1,311.0,162.0,208.37,1.62,270.57,68.04,yes,no
301,1,311.0,162.0,9.33,1.62,71.53,66.42,no,yes
301,1,311.0,162.0,87.08,35.64,149.28,103.68,invisible,yes
302,1,275.0,183.0,126.5,64.05,143.0,84.18,no,no
302,1,275.0,183.0,146.84,45.79,162.04,66.7,invisible,yes
302,1,275.0,183.0,185.58,25.62,199.23,42.9,invisible,yes
302,1,275.0,183.0,227.0,3.19,240.1,16.99,invisible,no
303,1,282.0,179.0,112.8,39.38,135.36,66.23,yes,yes
304,1,300.0,168.0,63.0,126.0,66.0,131.04,invisible,no
304,1,300.0,168.0,267.0,137.76,276.0,142.8,invisible,no
304,1,300.0,168.0,105.0,142.8,108.0,147.84,invisible,yes
304,1,300.0,168.0,282.48,145.26,287.81,150.88,invisible,yes
304,1,300.0,168.0,260.19,121.49,263.99,125.09,invisible,no
304,1,300.0,168.0,210.13,148.65,214.13,153.75,invisible,no
304,1,300.0,168.0,179.88,120.93,183.05,124.38,invisible,no
304,1,300.0,168.0,156.39,119.84,159.99,123.04,invisible,no
304,1,300.0,168.0,34.39,138.48,37.87,142.8,invisible,no
304,1,300.0,168.0,30.47,113.09,34.17,116.79,invisible,yes
304,1,300.0,168.0,60.07,109.89,62.97,113.19,invisible,no
304,1,300.0,168.0,171.8,120.67,175.3,123.77,invisible,no
305,1,299.0,168.0,125.58,68.88,140.53,84.0,invisible,no
305,1,299.0,168.0,197.34,67.2,206.31,78.96,invisible,no
305,1,299.0,168.0,177.05,70.8,187.35,82.13,invisible,yes
306,1,300.0,168.0,252.0,3.36,261.0,15.12,invisible,yes
306,1,300.0,168.0,189.0,6.72,198.0,16.8,invisible,no
306,1,300.0,168.0,10.8,7.9,17.6,14.99,invisible,yes
306,1,300.0,168.0,67.7,6.29,76.1,15.09,invisible,yes
306,1,300.0,168.0,207.0,10.08,219.0,23.52,invisible,yes
306,1,300.0,168.0,141.0,8.4,153.0,18.48,invisible,no
306,1,300.0,168.0,99.0,6.72,108.0,15.12,invisible,no
306,1,300.0,168.0,273.0,8.4,282.0,18.48,invisible,no
307,1,318.0,159.0,57.24,71.55,101.76,117.66,no,yes
308,1,201.0,251.0,54.27,65.26,156.78,175.7,no,no
309,1,259.0,194.0,199.43,89.24,217.56,116.4,invisible,no
309,1,259.0,194.0,171.6,91.9,191.91,113.45,yes,yes
309,1,259.0,194.0,148.3,97.49,166.11,116.72,yes,yes
309,1,259.0,194.0,12.95,83.42,31.08,108.64,invisible,yes
310,1,267.0,189.0,10.68,13.23,82.77,100.17,invisible,yes
310,1,267.0,189.0,168.21,15.12,261.66,139.86,no,yes
311,1,311.0,162.0,183.49,3.24,211.48,38.88,no,yes
311,1,311.0,162.0,99.52,6.48,130.62,42.12,no,no
312,1,301.0,168.0,108.65,66.54,117.95,78.54,invisible,yes
312,1,301.0,168.0,131.64,64.66,143.68,78.1,no,yes
312,1,301.0,168.0,57.19,52.08,78.26,72.24,invisible,no
312,1,301.0,168.0,93.31,60.48,108.36,78.96,yes,yes
312,1,301.0,168.0,147.49,57.12,162.54,73.92,no,no
313,1,275.0,183.0,85.01,110.4,98.01,123.7,invisible,yes
313,1,275.0,183.0,99.0,107.97,110.0,118.95,invisible,yes
314,1,275.0,183.0,244.75,71.37,264.0,93.33,no,yes
314,1,275.0,183.0,178.75,75.03,195.25,98.82,no,yes
314,1,275.0,183.0,30.25,71.37,52.25,96.99,no,yes
314,1,275.0,183.0,134.75,60.39,159.5,89.67,invisible,yes
314,1,275.0,183.0,60.5,58.56,93.5,100.65,no,yes
314,1,275.0,183.0,93.5,58.56,115.5,89.67,no,yes
314,1,275.0,183.0,187.0,40.26,231.0,91.5,no,yes
314,1,275.0,183.0,0.0,64.05,33.0,120.78,no,yes
315,1,300.0,168.0,90.0,11.76,159.0,94.08,no,yes
316,1,300.0,168.0,192.0,67.2,210.0,89.04,yes,yes
317,1,318.0,159.0,89.04,1.59,235.32,119.25,no,yes
318,1,314.0,160.0,213.52,73.6,232.36,91.2,no,yes
318,1,314.0,160.0,98.7,116.0,106.0,122.6,invisible,yes
318,1,314.0,160.0,10.77,122.76,15.37,126.86,invisible,yes
319,1,292.0,173.0,146.0,8.65,183.96,58.82,yes,yes
319,1,292.0,173.0,201.48,29.41,254.04,91.69,yes,yes
320,1,278.0,181.0,144.56,59.73,166.8,85.07,invisible,yes
320,1,278.0,181.0,183.48,61.54,205.72,86.88,yes,yes
321,1,300.0,168.0,90.0,18.48,111.0,38.64,invisible,yes
321,1,300.0,168.0,99.81,61.79,107.41,67.89,yes,yes
321,1,300.0,168.0,70.95,35.6,78.7,41.65,yes,yes
322,1,300.0,168.0,204.0,30.24,219.0,45.36,invisible,yes
322,1,300.0,168.0,189.0,36.96,198.0,48.72,invisible,no
322,1,300.0,168.0,33.0,23.52,51.0,45.36,yes,yes
322,1,300.0,168.0,102.0,15.12,126.0,43.68,no,yes
322,1,300.0,168.0,246.0,31.92,273.0,58.8,invisible,yes
322,1,300.0,168.0,54.0,21.84,72.0,42.0,invisible,yes
323,1,275.0,183.0,38.5,10.98,68.75,51.24,yes,yes
323,1,275.0,183.0,151.25,18.3,181.5,62.22,yes,yes
323,1,275.0,183.0,203.5,5.49,242.0,62.22,yes,yes
323,1,275.0,183.0,178.75,49.41,200.75,80.52,no,yes
323,1,275.0,183.0,82.5,18.3,118.25,65.88,yes,yes
324,1,262.0,192.0,155.5,47.4,176.51,73.34,invisible,yes
324,1,262.0,192.0,31.44,65.28,47.16,86.4,no,no
325,1,300.0,168.0,99.0,58.8,114.0,77.28,yes,yes
325,1,300.0,168.0,183.0,80.64,192.0,90.72,invisible,yes
325,1,300.0,168.0,177.0,82.32,183.0,90.72,invisible,no
325,1,300.0,168.0,201.0,82.32,207.0,90.72,invisible,yes
325,1,300.0,168.0,30.0,110.88,48.0,132.72,invisible,yes
325,1,300.0,168.0,150.0,80.64,159.0,90.72,invisible,yes
325,1,300.0,168.0,223.1,104.9,230.12,112.21,invisible,yes
326,1,330.0,153.0,115.5,24.48,171.6,81.09,yes,yes
326,1,330.0,153.0,211.2,33.66,244.2,64.26,no,yes
326,1,330.0,153.0,240.9,3.06,310.2,76.5,yes,yes
326,1,330.0,153.0,82.5,10.71,128.7,53.55,yes,no
326,1,330.0,153.0,0.0,0.0,44.1,81.84,invisible,yes
328,1,318.0,159.0,127.2,19.08,146.28,44.52,no,yes
328,1,318.0,159.0,190.8,19.08,222.6,50.88,yes,yes
329,1,297.0,169.0,44.55,11.83,65.34,38.87,yes,no
330,1,279.0,180.0,108.81,57.6,125.55,79.2,yes,yes
330,1,279.0,180.0,44.64,61.2,58.59,77.4,invisible,yes
330,1,279.0,180.0,142.29,66.6,156.24,86.4,yes,yes
330,1,279.0,180.0,13.95,50.4,44.64,90.0,yes,yes
330,1,279.0,180.0,55.57,64.37,72.31,84.17,no,yes
330,1,279.0,180.0,200.88,70.2,225.99,102.6,no,yes
330,1,279.0,180.0,78.12,61.2,86.49,75.6,invisible,yes
330,1,279.0,180.0,171.88,78.52,178.58,84.92,invisible,no
331,1,275.0,183.0,104.5,126.27,110.0,133.59,invisible,yes
331,1,275.0,183.0,77.0,71.37,82.5,78.69,invisible,no
331,1,275.0,183.0,32.47,13.0,36.17,16.5,invisible,no
331,1,275.0,183.0,132.26,90.23,138.05,95.23,invisible,no
331,1,275.0,183.0,28.3,143.41,33.62,149.86,invisible,no
331,1,275.0,183.0,93.5,25.62,96.25,31.11,invisible,no
331,1,275.0,183.0,24.75,118.95,33.0,128.1,invisible,yes
331,1,275.0,183.0,231.0,82.35,239.25,93.33,invisible,yes
331,1,275.0,183.0,74.25,14.64,79.75,20.13,invisible,no
332,1,225.0,225.0,81.0,38.25,114.75,90.0,yes,yes
333,1,276.0,182.0,114.12,127.95,120.83,134.55,invisible,yes
333,1,276.0,182.0,97.08,142.84,108.0,152.2,invisible,yes
333,1,276.0,182.0,56.11,157.23,71.95,173.21,invisible,yes
333,1,276.0,182.0,124.2,81.9,132.48,91.0,invisible,no
333,1,276.0,182.0,101.29,38.47,107.79,44.27,invisible,yes
333,1,276.0,182.0,82.54,115.64,89.34,125.24,invisible,yes
333,1,276.0,182.0,75.84,128.54,84.24,139.04,invisible,yes
333,1,276.0,182.0,111.3,135.26,119.95,143.3,invisible,yes
333,1,276.0,182.0,129.85,128.71,138.13,136.06,invisible,yes
333,1,276.0,182.0,55.89,66.87,59.49,70.77,invisible,yes
335,1,275.0,183.0,85.25,21.96,123.75,67.71,yes,yes
335,1,275.0,183.0,217.35,140.42,233.03,158.57,yes,yes
336,1,261.0,193.0,169.65,28.95,185.31,50.18,yes,no
336,1,261.0,193.0,104.4,30.88,117.45,52.11,yes,no
336,1,261.0,193.0,138.33,30.88,151.38,50.18,yes,no
336,1,261.0,193.0,67.86,28.95,86.13,50.18,yes,no
337,1,275.0,183.0,27.5,47.58,55.0,87.84,yes,yes
338,1,299.0,168.0,107.64,23.52,125.58,48.72,no,yes
338,1,299.0,168.0,62.79,15.12,80.73,36.96,no,yes
338,1,299.0,168.0,209.3,35.28,227.24,60.48,no,yes
338,1,299.0,168.0,155.48,35.28,176.41,60.48,no,yes
339,1,259.0,195.0,209.79,56.55,217.56,66.3,invisible,yes
339,1,259.0,195.0,214.97,48.75,225.33,60.45,invisible,yes
339,1,259.0,195.0,36.26,48.75,49.21,66.3,invisible,yes
339,1,259.0,195.0,108.78,60.45,147.63,113.1,no,yes
340,1,275.0,183.0,209.0,12.81,225.5,36.6,yes,no
340,1,275.0,183.0,129.25,3.66,148.5,27.45,no,yes
340,1,275.0,183.0,19.25,0.0,52.25,34.77,no,yes
341,1,272.0,185.0,155.04,49.95,171.36,70.3,invisible,yes
341,1,272.0,185.0,92.48,31.45,108.8,53.65,invisible,no
342,1,286.0,176.0,125.84,112.64,134.42,119.68,invisible,no
342,1,286.0,176.0,82.94,130.24,91.52,140.8,invisible,yes
342,1,286.0,176.0,8.58,147.84,17.16,156.64,invisible,yes
342,1,286.0,176.0,251.68,160.16,254.54,167.2,invisible,no
342,1,286.0,176.0,114.4,119.68,120.12,126.72,invisible,no
342,1,286.0,176.0,169.15,112.5,176.15,117.6,yes,yes
342,1,286.0,176.0,63.63,142.73,69.43,147.43,invisible,yes
343,1,300.0,168.0,111.0,1.68,165.0,63.84,yes,yes
345,1,259.0,194.0,2.59,50.44,20.72,77.6,no,yes
345,1,259.0,194.0,113.96,50.44,150.22,100.88,no,yes
345,1,259.0,194.0,177.01,0.0,259.0,98.94,no,yes
345,1,259.0,194.0,97.13,112.96,142.63,159.86,no,no
346,1,275.0,183.0,123.75,14.64,137.5,34.77,no,yes
346,1,275.0,183.0,93.5,14.64,110.0,38.43,invisible,yes
346,1,275.0,183.0,173.25,12.81,189.75,36.6,invisible,no
346,1,275.0,183.0,29.96,113.68,54.8,142.71,invisible,yes
346,1,275.0,183.0,212.62,103.82,238.5,137.26,invisible,yes
347,1,279.0,180.0,27.85,41.64,54.17,67.41,invisible,yes
347,1,279.0,180.0,173.69,38.54,199.73,65.68,invisible,yes
347,1,279.0,180.0,184.14,14.4,200.88,37.8,invisible,no
347,1,279.0,180.0,36.27,54.0,66.96,90.0,no,yes
347,1,279.0,180.0,172.98,122.4,200.88,162.0,no,yes
347,1,279.0,180.0,131.13,10.8,159.03,43.2,no,no
348,1,177.0,285.0,86.73,94.05,146.91,168.15,no,yes
349,1,225.0,225.0,99.0,20.25,171.0,103.5,no,yes
350,1,300.0,168.0,120.0,92.4,123.0,97.44,invisible,no
350,1,300.0,168.0,30.0,92.4,36.0,99.12,invisible,yes
350,1,300.0,168.0,84.0,85.68,90.0,94.08,invisible,yes
350,1,300.0,168.0,105.0,92.4,111.0,97.44,invisible,no
350,1,300.0,168.0,141.0,85.68,150.0,94.08,invisible,yes
350,1,300.0,168.0,180.0,87.36,186.0,94.08,invisible,no
350,1,300.0,168.0,171.0,85.68,180.0,94.08,invisible,yes
350,1,300.0,168.0,144.0,87.36,153.0,95.76,invisible,no
350,1,300.0,168.0,183.0,85.68,189.0,94.08,invisible,yes
350,1,300.0,168.0,81.0,90.72,87.0,97.44,invisible,no
350,1,300.0,168.0,225.0,77.28,237.0,90.72,invisible,no
350,1,300.0,168.0,198.0,82.32,210.0,94.08,no,yes
350,1,300.0,168.0,219.0,68.88,228.0,82.32,invisible,no
350,1,300.0,168.0,168.0,87.36,171.0,94.08,invisible,no
350,1,300.0,168.0,159.0,87.36,162.0,94.08,invisible,no
350,1,300.0,168.0,129.0,90.72,135.0,97.44,invisible,no
351,1,246.0,205.0,127.92,16.4,172.2,73.8,no,yes
352,1,310.0,163.0,142.6,39.12,164.3,61.94,invisible,no
352,1,310.0,163.0,151.9,32.6,167.4,50.53,no,yes
352,1,310.0,163.0,111.6,24.45,145.7,61.94,invisible,no
353,1,277.0,182.0,178.25,52.58,191.73,66.54,invisible,yes
353,1,277.0,182.0,96.95,47.32,113.57,65.52,invisible,yes
353,1,277.0,182.0,149.58,49.14,166.2,69.16,invisible,yes
353,1,277.0,182.0,207.75,54.6,218.83,67.34,invisible,yes
354,1,259.0,194.0,93.24,17.46,142.45,79.54,no,yes
355,1,275.0,183.0,167.75,42.09,184.25,62.22,yes,no
356,1,299.0,168.0,29.9,43.68,41.86,58.8,yes,no
356,1,299.0,168.0,161.46,31.92,185.38,58.8,yes,no
357,1,276.0,183.0,168.36,113.46,201.48,155.55,invisible,no
357,1,276.0,183.0,38.64,7.32,110.4,95.16,yes,yes
358,1,194.0,259.0,23.28,113.96,40.74,134.68,yes,yes
358,1,194.0,259.0,110.58,106.19,129.98,126.91,no,yes
358,1,194.0,259.0,151.32,103.6,174.6,129.5,invisible,yes
358,1,194.0,259.0,110.58,67.34,129.98,88.06,yes,yes
358,1,194.0,259.0,129.98,62.16,147.44,80.29,invisible,yes
360,1,300.0,168.0,126.0,52.08,147.0,75.6,yes,no
361,1,305.0,165.0,128.1,13.2,164.7,64.35,no,yes
361,1,305.0,165.0,164.7,4.95,216.55,66.0,no,yes
361,1,305.0,165.0,82.35,24.75,109.8,59.4,no,yes
361,1,305.0,165.0,219.6,19.8,271.45,80.85,no,no
361,1,305.0,165.0,64.05,23.1,91.5,61.05,no,yes
361,1,305.0,165.0,103.7,19.8,137.25,64.35,no,yes
361,1,305.0,165.0,45.75,29.7,67.1,54.45,no,no
361,1,305.0,165.0,15.25,0.0,33.55,21.45,no,yes
362,1,259.0,194.0,121.73,32.98,152.81,77.6,yes,yes
363,1,275.0,183.0,156.75,49.41,176.0,75.03,no,yes
363,1,275.0,183.0,85.25,49.41,101.75,73.2,invisible,yes
363,1,275.0,183.0,112.75,40.26,129.25,64.05,no,yes
363,1,275.0,183.0,8.25,75.03,46.75,126.27,no,no
363,1,275.0,183.0,66.0,53.07,74.25,62.22,invisible,no
363,1,275.0,183.0,178.75,45.75,195.25,65.88,invisible,yes
363,1,275.0,183.0,129.25,51.24,145.75,73.2,no,yes
363,1,275.0,183.0,231.0,49.41,250.25,71.37,invisible,yes
364,1,275.0,183.0,258.5,45.75,275.0,84.18,no,yes
364,1,275.0,183.0,8.25,51.24,63.25,117.12,no,yes
364,1,275.0,183.0,242.0,67.71,255.75,86.01,invisible,no
365,1,275.0,183.0,41.25,23.79,82.5,78.69,no,no
365,1,275.0,183.0,154.0,1.83,272.25,131.76,no,no
366,1,291.0,173.0,177.51,24.22,258.99,131.48,no,yes
367,1,300.0,168.0,180.0,127.68,192.0,141.12,invisible,no
367,1,300.0,168.0,288.0,26.88,297.0,38.64,invisible,yes
367,1,300.0,168.0,144.0,87.36,153.0,99.12,invisible,no
367,1,300.0,168.0,165.58,105.13,171.2,111.18,invisible,no
367,1,300.0,168.0,179.12,105.27,185.02,110.03,invisible,no
367,1,300.0,168.0,39.0,131.04,48.0,141.12,invisible,yes
367,1,300.0,168.0,139.92,104.41,145.32,108.61,invisible,no
367,1,300.0,168.0,121.2,103.75,128.6,109.25,invisible,yes
367,1,300.0,168.0,110.88,107.66,116.95,114.1,invisible,yes
367,1,300.0,168.0,96.65,112.15,104.05,120.17,invisible,yes
367,1,300.0,168.0,38.89,100.55,44.81,106.47,invisible,no
367,1,300.0,168.0,240.0,28.56,258.0,48.72,no,yes
367,1,300.0,168.0,261.0,43.68,279.0,67.2,no,no
367,1,300.0,168.0,228.0,30.24,249.0,53.76,no,yes
367,1,300.0,168.0,255.0,18.48,279.0,43.68,no,yes
367,1,300.0,168.0,198.0,26.88,222.0,53.76,no,yes
368,1,369.0,137.0,184.5,21.92,206.64,42.47,invisible,yes
368,1,369.0,137.0,265.68,28.77,306.27,63.02,invisible,yes
368,1,369.0,137.0,99.63,15.07,118.08,32.88,no,yes
368,1,369.0,137.0,14.76,1.37,59.04,41.1,invisible,yes
368,1,369.0,137.0,73.8,19.18,95.94,36.99,no,yes
368,1,369.0,137.0,225.09,36.99,239.85,46.58,invisible,yes
368,1,369.0,137.0,59.04,16.44,77.49,32.88,no,yes
368,1,369.0,137.0,143.91,12.33,169.74,35.62,yes,yes
369,1,300.0,168.0,93.39,84.01,103.09,95.71,invisible,yes
369,1,300.0,168.0,9.74,84.85,15.84,90.15,invisible,yes
369,1,300.0,168.0,0.74,87.95,7.94,93.75,invisible,yes
369,1,300.0,168.0,26.24,86.5,32.44,93.55,invisible,yes
369,1,300.0,168.0,58.42,88.1,62.9,92.0,invisible,yes
369,1,300.0,168.0,132.0,87.36,144.0,99.12,invisible,yes
369,1,300.0,168.0,144.0,82.32,162.0,100.8,invisible,yes
371,1,309.0,163.0,154.5,8.15,213.21,83.13,yes,yes
372,1,259.0,194.0,106.19,7.76,173.53,83.42,no,no
373,1,273.0,185.0,166.79,93.51,178.61,105.19,invisible,yes
373,1,273.0,185.0,98.58,56.53,110.28,71.63,invisible,yes
373,1,273.0,185.0,178.44,33.13,185.14,41.83,invisible,yes
373,1,273.0,185.0,98.28,38.85,106.47,49.95,invisible,yes
373,1,273.0,185.0,101.01,85.1,122.85,114.7,no,yes
373,1,273.0,185.0,136.5,29.6,141.96,35.15,invisible,yes
374,1,300.0,168.0,90.0,28.56,126.0,72.24,yes,no
375,1,277.0,182.0,74.79,49.14,94.18,72.8,invisible,no
375,1,277.0,182.0,19.39,38.22,41.55,63.7,invisible,yes
376,1,301.0,167.0,18.06,30.06,30.1,43.42,yes,no
376,1,301.0,167.0,36.12,38.41,57.19,60.12,yes,no
376,1,301.0,167.0,93.31,28.39,111.37,48.43,invisible,no
377,1,299.0,168.0,101.66,15.12,131.56,47.04,invisible,no
378,1,272.0,185.0,78.88,83.25,89.76,98.05,invisible,no
379,1,277.0,182.0,47.09,63.7,63.71,81.9,no,yes
379,1,277.0,182.0,121.88,72.8,130.19,81.9,invisible,no
379,1,277.0,182.0,85.87,67.34,94.18,78.26,invisible,no
379,1,277.0,182.0,171.74,10.92,235.45,92.82,no,yes
379,1,277.0,182.0,110.8,69.16,119.11,80.08,invisible,no
380,1,299.0,168.0,188.37,26.88,221.26,67.2,yes,no
380,1,299.0,168.0,41.86,8.4,182.39,151.2,invisible,yes
381,1,275.0,183.0,68.75,27.45,134.75,100.65,yes,yes
382,1,213.0,237.0,185.31,106.65,189.57,113.76,invisible,no
382,1,213.0,237.0,87.84,189.56,96.04,197.36,invisible,no
382,1,213.0,237.0,128.74,196.62,138.46,204.3,invisible,yes
382,1,213.0,237.0,101.81,33.33,104.91,37.03,invisible,no
382,1,213.0,237.0,110.88,29.6,115.08,32.6,invisible,no
382,1,213.0,237.0,38.88,123.73,44.38,129.43,invisible,yes
382,1,213.0,237.0,160.76,23.84,164.16,27.14,invisible,no
382,1,213.0,237.0,176.06,60.07,181.26,64.47,invisible,no
382,1,213.0,237.0,168.86,68.57,173.06,72.47,invisible,no
382,1,213.0,237.0,139.2,113.8,144.38,120.5,invisible,yes
382,1,213.0,237.0,159.48,114.1,165.18,120.0,invisible,yes
382,1,213.0,237.0,133.3,124.62,139.6,130.32,invisible,yes
382,1,213.0,237.0,57.3,122.33,63.38,127.33,invisible,yes
382,1,213.0,237.0,68.16,125.61,72.42,135.09,invisible,no
382,1,213.0,237.0,89.46,23.7,93.72,28.44,invisible,no
382,1,213.0,237.0,38.34,54.51,42.6,61.62,invisible,no
382,1,213.0,237.0,80.94,80.58,89.46,90.06,invisible,no
383,1,300.0,168.0,114.44,88.56,119.68,93.18,invisible,yes
383,1,300.0,168.0,186.0,137.76,204.0,157.92,invisible,yes
383,1,300.0,168.0,144.0,126.0,159.0,142.8,invisible,yes
383,1,300.0,168.0,84.0,114.24,99.0,131.04,invisible,yes
383,1,300.0,168.0,72.0,127.68,87.0,144.48,invisible,yes
383,1,300.0,168.0,18.0,136.08,33.0,154.56,no,yes
383,1,300.0,168.0,175.1,76.22,182.52,82.32,invisible,yes
383,1,300.0,168.0,32.65,92.0,39.05,99.0,invisible,yes
383,1,300.0,168.0,49.45,94.79,56.95,101.7,invisible,yes
383,1,300.0,168.0,146.69,78.0,153.4,83.63,invisible,yes
383,1,300.0,168.0,54.0,80.64,60.0,87.36,invisible,no
383,1,300.0,168.0,180.0,63.84,198.0,80.64,invisible,no
383,1,300.0,168.0,117.0,119.28,132.0,134.4,invisible,yes
383,1,300.0,168.0,45.0,139.44,60.0,157.92,yes,yes
386,1,275.0,183.0,104.5,71.37,112.75,84.18,invisible,yes
386,1,275.0,183.0,178.75,87.84,184.25,93.33,invisible,no
386,1,275.0,183.0,189.86,97.5,194.96,103.12,invisible,no
387,1,275.0,183.0,11.63,28.99,16.73,35.79,invisible,no
387,1,275.0,183.0,170.26,31.86,181.87,45.25,invisible,yes
387,1,275.0,183.0,68.75,10.98,85.25,32.94,invisible,yes
387,1,275.0,183.0,195.25,32.94,206.25,45.75,invisible,no
387,1,275.0,183.0,85.25,16.47,99.0,36.6,invisible,yes
387,1,275.0,183.0,115.5,9.15,129.25,26.3,invisible,yes
388,1,277.0,182.0,69.25,12.74,102.49,54.6,no,yes
389,1,299.0,169.0,227.24,79.43,245.18,103.09,no,no
389,1,299.0,169.0,278.07,62.53,299.0,87.88,invisible,yes
389,1,299.0,169.0,257.14,65.91,284.05,92.95,no,no
390,1,267.0,188.0,152.19,26.32,189.57,75.2,no,no
390,1,267.0,188.0,117.48,37.6,152.19,82.72,no,no
391,1,273.0,185.0,125.58,46.25,155.61,83.25,yes,yes
391,1,273.0,185.0,24.57,27.75,60.06,72.15,no,yes
391,1,273.0,185.0,199.29,70.3,232.05,112.85,no,yes
393,1,300.0,168.0,114.0,47.04,132.0,70.56,no,yes
394,1,306.0,165.0,82.62,47.85,100.98,72.6,no,yes
395,1,275.0,183.0,184.25,69.54,192.5,78.69,invisible,no
395,1,275.0,183.0,129.25,23.79,148.5,47.58,yes,yes
396,1,275.0,183.0,177.54,59.57,183.24,65.17,invisible,yes
396,1,275.0,183.0,8.38,151.88,22.16,170.24,invisible,yes
396,1,275.0,183.0,29.29,143.88,36.19,153.28,invisible,yes
396,1,275.0,183.0,104.5,104.31,137.5,146.4,invisible,yes
396,1,275.0,183.0,66.0,146.4,77.0,162.87,no,yes
396,1,275.0,183.0,154.0,98.82,156.75,104.31,invisible,no
397,1,299.0,168.0,131.56,47.04,164.45,92.4,yes,yes
397,1,299.0,168.0,107.64,52.08,137.54,90.72,no,yes
398,1,275.0,183.0,140.25,62.22,154.0,82.35,yes,yes
398,1,275.0,183.0,234.9,35.92,252.32,47.94,invisible,yes
398,1,275.0,183.0,189.75,42.09,203.5,64.05,no,yes
399,1,300.0,168.0,186.0,15.12,216.0,52.08,yes,no
399,1,300.0,168.0,264.0,33.6,291.0,70.56,yes,no
399,1,300.0,168.0,122.79,41.1,136.2,74.37,yes,yes
400,1,291.0,173.0,277.03,123.15,284.93,128.25,invisible,no
400,1,291.0,173.0,152.61,154.7,158.41,158.9,invisible,no
400,1,291.0,173.0,218.77,110.65,224.77,115.65,invisible,no
400,1,291.0,173.0,46.65,102.69,58.55,110.39,invisible,no
400,1,291.0,173.0,185.81,147.0,191.01,153.4,invisible,no
400,1,291.0,173.0,133.86,86.5,145.5,98.61,invisible,no
400,1,291.0,173.0,81.0,53.36,89.19,61.71,invisible,no
401,1,275.0,183.0,121.0,12.81,165.0,73.2,no,no
402,1,275.0,183.0,93.5,0.0,203.5,151.89,no,yes
402,1,275.0,183.0,206.25,1.83,272.25,118.95,invisible,yes
404,1,275.0,183.0,96.25,21.96,137.5,80.52,no,yes
405,1,300.0,168.0,210.0,57.12,228.0,75.6,invisible,yes
405,1,300.0,168.0,24.0,57.12,39.0,70.56,no,no
405,1,300.0,168.0,132.0,52.08,147.0,68.88,yes,yes
405,1,300.0,168.0,101.14,115.13,126.37,135.01,yes,yes
407,1,299.0,168.0,185.38,23.52,215.28,57.12,yes,yes
408,1,300.0,168.0,66.0,20.16,90.0,47.04,no,yes
409,1,290.0,174.0,263.9,100.92,272.6,111.36,invisible,no
409,1,290.0,174.0,72.5,57.42,136.3,133.98,yes,yes
411,1,275.0,183.0,173.25,115.29,176.0,120.78,invisible,no
412,1,275.0,183.0,46.75,122.61,52.25,131.76,invisible,no
412,1,275.0,183.0,85.25,120.78,93.5,131.76,invisible,no
412,1,275.0,183.0,71.5,118.95,79.75,129.93,invisible,no
412,1,275.0,183.0,121.0,117.12,129.25,129.93,invisible,no
412,1,275.0,183.0,79.75,120.78,88.0,131.76,invisible,no
412,1,275.0,183.0,63.25,117.12,71.5,129.93,invisible,no
412,1,275.0,183.0,189.75,36.6,209.0,64.05,yes,no
412,1,275.0,183.0,228.25,42.09,247.5,64.05,invisible,yes
412,1,275.0,183.0,148.5,31.11,167.75,56.73,no,no
412,1,275.0,183.0,6.66,119.56,15.96,131.86,invisible,yes
412,1,275.0,183.0,26.46,122.16,34.66,131.76,invisible,yes
413,1,290.0,174.0,23.2,1.74,69.6,53.94,yes,yes
413,1,290.0,174.0,0.0,8.7,20.3,38.28,invisible,no
413,1,290.0,174.0,191.4,12.18,234.9,60.9,invisible,yes
414,1,168.0,300.0,80.64,171.0,90.72,186.0,yes,no
415,1,318.0,159.0,220.8,86.9,230.28,96.82,invisible,no
415,1,318.0,159.0,193.98,81.09,206.7,95.4,invisible,no
415,1,318.0,159.0,267.5,103.57,277.1,111.87,invisible,no
415,1,318.0,159.0,139.92,90.63,155.82,108.12,no,no
415,1,318.0,159.0,114.48,1.59,251.22,122.43,no,no
415,1,318.0,159.0,93.97,11.03,104.1,23.8,invisible,no
415,1,318.0,159.0,140.87,39.03,154.24,52.75,invisible,yes
416,1,275.0,183.0,134.47,84.7,142.87,94.45,invisible,yes
416,1,275.0,183.0,49.5,95.16,57.75,106.14,invisible,yes
416,1,275.0,183.0,250.25,45.75,261.25,58.56,invisible,yes
416,1,275.0,183.0,71.5,87.84,82.5,100.65,invisible,yes
417,1,299.0,168.0,143.52,104.16,149.5,110.88,invisible,no
417,1,299.0,168.0,53.82,134.4,62.79,144.48,invisible,no
417,1,299.0,168.0,94.91,94.36,101.27,102.16,invisible,yes
417,1,299.0,168.0,174.16,38.92,178.26,43.33,invisible,no
417,1,299.0,168.0,37.76,112.74,43.56,120.64,invisible,no
417,1,299.0,168.0,103.13,48.11,110.73,54.91,invisible,yes
417,1,299.0,168.0,112.36,119.69,118.46,126.0,invisible,yes
417,1,299.0,168.0,89.44,101.43,97.34,109.53,invisible,yes
417,1,299.0,168.0,242.81,85.82,246.92,89.62,invisible,yes
418,1,275.0,183.0,192.5,43.92,206.25,64.05,yes,yes
418,1,275.0,183.0,66.0,47.58,79.75,67.71,yes,yes
418,1,275.0,183.0,57.75,64.05,71.5,82.35,invisible,no
419,1,224.0,225.0,147.84,0.0,203.84,49.5,no,yes
419,1,224.0,225.0,0.0,15.75,44.8,69.75,yes,yes
419,1,224.0,225.0,76.16,101.25,96.32,123.75,no,yes
420,1,284.0,177.0,125.01,48.16,136.31,60.36,invisible,yes
420,1,284.0,177.0,172.86,15.46,187.26,27.86,invisible,yes
420,1,284.0,177.0,79.19,69.41,86.59,77.91,invisible,yes
420,1,284.0,177.0,93.72,86.73,105.08,99.12,invisible,yes
424,1,275.0,183.0,151.25,20.13,167.75,43.92,no,yes
424,1,275.0,183.0,195.25,12.81,217.25,45.75,no,yes
424,1,275.0,183.0,115.5,10.98,134.75,36.6,yes,yes
426,1,275.0,183.0,216.3,30.62,224.96,40.5,invisible,yes
426,1,275.0,183.0,89.78,70.4,100.08,81.5,invisible,yes
426,1,275.0,183.0,117.13,113.4,128.23,127.0,invisible,yes
426,1,275.0,183.0,27.5,31.11,35.75,43.92,invisible,yes
426,1,275.0,183.0,112.75,29.28,121.0,43.92,invisible,yes
427,1,300.0,168.0,123.0,10.08,153.0,38.64,yes,yes
427,1,300.0,168.0,45.0,40.32,63.0,58.8,no,no
427,1,300.0,168.0,69.95,65.42,78.85,75.72,invisible,yes
427,1,300.0,168.0,8.49,53.71,21.99,66.91,invisible,yes
428,1,300.0,168.0,186.0,142.8,195.0,151.2,invisible,yes
428,1,300.0,168.0,284.86,138.6,293.4,148.2,invisible,yes
428,1,300.0,168.0,231.0,136.08,237.0,144.48,invisible,no
428,1,300.0,168.0,171.0,139.44,177.0,147.84,invisible,no
428,1,300.0,168.0,111.0,154.56,120.0,166.32,invisible,no
428,1,300.0,168.0,150.0,50.4,156.0,55.44,invisible,no
428,1,300.0,168.0,265.42,133.44,274.18,142.32,invisible,yes
428,1,300.0,168.0,251.64,128.09,258.12,134.21,invisible,yes
428,1,300.0,168.0,136.08,107.23,145.15,113.14,invisible,yes
428,1,300.0,168.0,173.6,148.37,181.2,154.67,invisible,yes
428,1,300.0,168.0,159.14,146.01,165.0,153.82,invisible,yes
429,1,273.0,185.0,158.7,75.4,185.0,112.4,invisible,no
429,1,273.0,185.0,84.63,40.7,141.96,101.75,yes,no
430,1,299.0,168.0,71.76,94.08,83.72,105.84,invisible,no
430,1,299.0,168.0,155.48,3.36,179.4,28.56,yes,no
431,1,275.0,183.0,22.0,47.58,41.25,71.37,no,yes
433,1,275.0,183.0,79.51,143.59,82.91,146.99,invisible,no
433,1,275.0,183.0,130.21,136.89,133.11,140.29,invisible,no
433,1,275.0,183.0,172.29,140.22,176.49,145.12,invisible,no
433,1,275.0,183.0,183.49,136.42,186.89,140.12,invisible,no
433,1,275.0,183.0,42.35,145.23,48.76,150.53,invisible,no
433,1,275.0,183.0,55.72,150.18,60.76,154.38,invisible,no
434,1,318.0,159.0,165.36,0.0,209.88,49.29,yes,yes
434,1,318.0,159.0,41.34,0.0,98.58,44.52,no,no
434,1,318.0,159.0,197.16,1.59,235.32,33.39,no,yes
434,1,318.0,159.0,92.22,3.18,130.38,34.98,no,no
434,1,318.0,159.0,257.58,11.13,298.92,58.83,yes,yes
435,1,275.0,183.0,61.06,66.23,104.11,103.02,yes,yes
436,1,217.0,232.0,0.0,37.12,13.02,48.72,invisible,yes
436,1,217.0,232.0,99.82,41.76,106.33,53.36,invisible,yes
436,1,217.0,232.0,50.39,36.38,59.99,51.4,invisible,no
436,1,217.0,232.0,128.03,37.12,136.71,48.72,invisible,no
436,1,217.0,232.0,91.14,44.08,99.82,58.0,invisible,yes
436,1,217.0,232.0,188.79,41.76,201.81,55.68,invisible,yes
436,1,217.0,232.0,21.7,25.52,41.23,46.4,no,no
437,1,300.0,168.0,159.0,6.72,186.0,35.28,no,yes
437,1,300.0,168.0,168.0,53.76,201.0,87.36,yes,yes
437,1,300.0,168.0,108.0,43.68,138.0,73.92,invisible,yes
438,1,318.0,159.0,232.14,3.18,295.74,65.19,yes,no
438,1,318.0,159.0,171.72,44.52,213.06,92.22,yes,yes
438,1,318.0,159.0,193.98,15.9,225.78,54.06,no,yes
438,1,318.0,159.0,152.64,25.44,184.44,66.78,no,yes
439,1,297.0,170.0,213.84,0.0,297.0,103.7,no,no
439,1,297.0,170.0,98.01,1.7,196.02,120.7,no,no
439,1,297.0,170.0,0.0,3.4,71.28,100.3,no,no
440,1,300.0,168.0,63.0,87.36,78.0,105.84,no,yes
440,1,300.0,168.0,141.0,82.32,153.0,95.76,invisible,no
440,1,300.0,168.0,201.0,72.24,210.0,85.68,yes,no
440,1,300.0,168.0,186.0,58.8,198.0,70.56,invisible,no
440,1,300.0,168.0,243.0,-0.0,276.0,31.92,yes,no
440,1,300.0,168.0,231.0,53.76,273.0,99.12,yes,no
440,1,300.0,168.0,9.0,85.68,30.0,109.2,yes,yes
440,1,300.0,168.0,108.0,85.68,126.0,104.16,yes,yes
440,1,300.0,168.0,81.0,95.76,93.0,110.88,invisible,yes
441,1,275.0,183.0,206.25,1.83,258.5,64.05,no,no
441,1,275.0,183.0,170.5,32.94,209.0,86.01,no,no
442,1,290.0,174.0,112.61,78.9,116.41,83.6,invisible,no
442,1,290.0,174.0,176.9,3.48,301.6,125.28,yes,yes
442,1,290.0,174.0,17.4,40.02,26.1,48.72,invisible,no
442,1,290.0,174.0,92.61,84.4,97.01,90.5,invisible,no
442,1,290.0,174.0,129.9,93.79,135.3,101.1,invisible,yes
442,1,290.0,174.0,149.4,100.89,156.1,109.7,invisible,yes
443,1,275.0,183.0,239.1,63.6,244.88,70.9,invisible,yes
443,1,275.0,183.0,230.64,64.18,236.94,71.08,invisible,no
443,1,275.0,183.0,167.75,95.16,178.75,111.63,invisible,yes
443,1,275.0,183.0,233.75,98.82,247.5,117.12,yes,yes
443,1,275.0,183.0,187.0,84.18,198.0,98.82,invisible,yes
443,1,275.0,183.0,148.5,104.31,159.5,117.12,invisible,yes
443,1,275.0,183.0,201.21,101.66,214.09,116.11,invisible,yes
443,1,275.0,183.0,126.16,105.21,138.36,118.32,invisible,yes
443,1,275.0,183.0,87.68,96.29,97.88,107.2,invisible,yes
443,1,275.0,183.0,71.01,115.52,82.21,128.92,invisible,yes
443,1,275.0,183.0,22.2,100.32,32.79,111.42,invisible,yes
443,1,275.0,183.0,26.79,90.82,38.5,104.11,invisible,yes
443,1,275.0,183.0,129.92,63.76,136.54,72.04,invisible,yes
443,1,275.0,183.0,144.8,64.0,151.06,71.44,invisible,yes
444,1,311.0,162.0,239.47,53.46,273.68,84.24,invisible,yes
445,1,259.0,194.0,64.75,27.16,101.01,79.54,no,yes
445,1,259.0,194.0,134.68,23.28,170.94,75.66,no,yes
445,1,259.0,194.0,176.12,46.56,212.38,98.94,no,yes
445,1,259.0,194.0,217.56,15.52,251.23,65.96,no,yes
445,1,259.0,194.0,0.0,40.74,36.26,95.06,no,yes
446,1,299.0,169.0,185.38,21.97,206.31,52.39,no,yes
446,1,299.0,169.0,167.44,28.73,191.36,57.46,no,no
446,1,299.0,169.0,32.89,13.52,62.79,52.39,no,no
446,1,299.0,169.0,104.65,18.59,122.59,42.25,invisible,no
447,1,292.0,173.0,201.48,15.57,233.6,57.09,yes,no
447,1,292.0,173.0,23.36,8.65,58.4,50.17,yes,no
447,1,292.0,173.0,96.36,6.92,140.16,55.36,yes,yes
448,1,308.0,164.0,166.32,1.64,258.72,114.8,yes,yes
449,1,313.0,161.0,143.98,115.92,150.24,122.36,invisible,no
449,1,313.0,161.0,125.2,127.19,131.46,132.02,invisible,no
449,1,313.0,161.0,306.74,43.47,313.0,53.13,invisible,no
449,1,313.0,161.0,166.16,100.72,172.06,104.82,invisible,no
449,1,313.0,161.0,176.67,48.64,181.27,53.14,invisible,no
449,1,313.0,161.0,121.9,67.91,130.6,77.41,invisible,yes
449,1,313.0,161.0,154.35,62.45,158.96,68.2,invisible,yes
449,1,313.0,161.0,209.71,33.81,237.88,64.4,no,yes
450,1,275.0,183.0,138.6,77.86,149.1,88.86,invisible,yes
450,1,275.0,183.0,181.5,62.22,200.75,84.18,yes,yes
451,1,300.0,168.0,96.0,45.36,114.0,65.52,invisible,yes
451,1,300.0,168.0,243.0,70.56,255.0,85.68,invisible,yes
451,1,300.0,168.0,210.0,55.44,231.0,77.28,yes,yes
451,1,300.0,168.0,231.0,62.16,243.0,75.6,invisible,no
452,1,260.0,194.0,104.0,52.38,130.0,87.3,no,yes
453,1,305.0,165.0,173.85,66.0,207.4,103.95,yes,yes
454,1,300.0,168.0,102.0,65.52,120.0,82.32,invisible,yes
454,1,300.0,168.0,45.0,84.0,66.0,104.16,invisible,yes
454,1,300.0,168.0,147.0,78.96,159.0,92.4,invisible,no
454,1,300.0,168.0,120.0,58.8,138.0,75.6,invisible,no
454,1,300.0,168.0,75.0,23.52,90.0,40.32,invisible,yes
454,1,300.0,168.0,132.0,48.72,150.0,67.2,invisible,yes
454,1,300.0,168.0,4.26,69.88,19.26,85.08,invisible,yes
455,1,308.0,163.0,169.4,44.01,200.2,74.98,no,yes
455,1,308.0,163.0,107.8,0.0,154.0,47.27,no,yes
457,1,213.0,237.0,63.9,149.31,89.46,177.75,invisible,yes
457,1,213.0,237.0,85.2,127.98,104.37,154.05,invisible,yes
457,1,213.0,237.0,29.82,94.8,42.6,111.39,no,yes
457,1,213.0,237.0,134.19,132.72,159.75,161.16,invisible,yes
457,1,213.0,237.0,21.3,168.27,46.86,191.97,no,yes
457,1,213.0,237.0,176.79,144.57,202.35,175.38,no,yes
457,1,213.0,237.0,58.1,93.58,68.85,105.77,invisible,yes
457,1,213.0,237.0,183.05,69.42,193.21,78.27,invisible,yes
457,1,213.0,237.0,150.55,83.74,161.69,93.47,invisible,yes
457,1,213.0,237.0,97.98,49.77,108.63,61.62,invisible,no
457,1,213.0,237.0,131.75,87.92,140.63,97.32,invisible,yes
457,1,213.0,237.0,68.91,41.97,75.53,51.35,invisible,yes
457,1,213.0,237.0,2.99,93.09,15.27,103.62,invisible,yes
458,1,259.0,194.0,145.04,64.02,150.22,71.78,invisible,no
458,1,259.0,194.0,72.52,64.02,124.32,135.8,yes,yes
460,1,275.0,183.0,190.93,82.86,197.53,89.66,invisible,yes
460,1,275.0,183.0,71.5,75.03,79.75,86.01,invisible,yes
460,1,275.0,183.0,143.0,62.22,151.25,71.37,invisible,yes
460,1,275.0,183.0,107.25,58.56,112.75,67.71,invisible,yes
461,1,270.0,186.0,213.3,40.92,232.2,68.82,invisible,no
461,1,270.0,186.0,224.1,39.06,251.1,74.4,no,no
461,1,270.0,186.0,86.4,46.5,102.6,68.82,yes,no
461,1,270.0,186.0,189.0,39.06,207.9,66.96,invisible,no
461,1,270.0,186.0,43.2,26.04,75.6,68.82,yes,yes
461,1,270.0,186.0,110.7,44.64,135.0,76.26,no,yes
462,1,300.0,168.0,105.0,3.36,132.0,33.6,no,yes
462,1,300.0,168.0,162.0,43.68,189.0,72.24,invisible,no
463,1,300.0,168.0,61.8,4.1,87.7,33.6,yes,no
464,1,259.0,194.0,213.1,63.3,224.6,74.7,yes,yes
464,1,259.0,194.0,162.9,64.46,171.93,73.9,yes,yes
465,1,273.0,184.0,39.48,47.08,43.98,51.87,invisible,no
465,1,273.0,184.0,180.18,11.04,193.83,29.44,invisible,yes
465,1,273.0,184.0,212.94,0.0,237.51,31.28,yes,yes
465,1,273.0,184.0,68.25,7.36,87.36,34.96,yes,yes
465,1,273.0,184.0,132.7,25.0,138.2,30.4,yes,yes
465,1,273.0,184.0,53.9,60.9,61.2,69.2,yes,yes
465,1,273.0,184.0,5.24,32.08,11.59,38.56,yes,yes
466,1,275.0,183.0,194.9,34.7,211.2,50.2,yes,yes
466,1,275.0,183.0,166.1,31.5,182.37,49.8,yes,yes
466,1,275.0,183.0,113.63,17.5,132.63,38.3,yes,yes
467,1,275.0,183.0,119.9,37.5,149.54,70.4,no,no
467,1,275.0,183.0,48.1,33.9,99.0,90.6,yes,yes
468,1,259.0,194.0,101.01,42.68,119.14,65.96,no,yes
468,1,259.0,194.0,205.7,23.98,230.8,41.71,yes,yes
469,1,290.0,174.0,147.9,12.18,159.5,24.36,invisible,no
469,1,290.0,174.0,224.3,2.5,234.5,16.2,invisible,no
469,1,290.0,174.0,31.28,21.66,36.6,27.1,yes,yes
469,1,290.0,174.0,20.9,20.0,27.1,25.2,yes,yes
469,1,290.0,174.0,36.9,18.2,43.4,23.3,yes,yes
469,1,290.0,174.0,109.9,34.4,141.0,67.1,no,yes
469,1,290.0,174.0,166.9,15.8,174.36,22.44,yes,yes
470,1,284.0,177.0,85.93,90.5,101.2,109.9,yes,yes
470,1,284.0,177.0,113.5,74.8,128.8,94.0,yes,yes
470,1,284.0,177.0,167.1,14.7,183.1,34.3,no,yes
470,1,284.0,177.0,226.1,20.3,242.6,38.94,invisible,yes
471,1,277.0,182.0,30.47,25.48,63.71,67.34,yes,yes
471,1,277.0,182.0,213.29,17.3,260.38,71.5,no,yes
471,1,277.0,182.0,173.8,41.96,206.91,81.8,yes,yes
471,1,277.0,182.0,110.8,12.74,138.5,52.78,yes,yes
472,1,291.0,173.0,145.5,41.93,194.97,112.86,yes,no
475,1,300.0,168.0,129.0,25.2,150.0,52.08,yes,yes
476,1,290.0,174.0,132.1,42.8,176.9,92.1,invisible,yes
476,1,290.0,174.0,52.7,3.9,101.2,51.2,no,yes
476,1,290.0,174.0,199.3,19.1,248.6,67.7,invisible,yes
477,1,310.0,163.0,92.38,27.21,210.18,163.0,no,yes
477,1,310.0,163.0,43.4,73.35,77.5,105.95,yes,yes
478,1,284.0,177.0,181.76,74.34,198.8,95.58,invisible,yes
479,1,225.0,224.0,110.7,72.3,147.8,117.9,no,yes
480,1,258.0,195.0,150.3,20.5,224.4,128.3,no,yes
480,1,258.0,195.0,61.42,4.92,150.18,130.97,yes,no
481,1,318.0,159.0,126.1,14.31,144.4,36.3,invisible,yes
481,1,318.0,159.0,181.26,14.31,203.1,35.8,no,yes
482,1,288.0,175.0,115.2,5.25,230.4,155.75,no,yes
483,1,310.0,163.0,266.6,4.89,294.5,34.23,yes,yes
483,1,310.0,163.0,127.1,1.63,151.9,30.97,yes,yes
483,1,310.0,163.0,198.4,4.89,223.2,30.97,yes,yes
483,1,310.0,163.0,46.5,6.52,71.3,35.86,yes,yes
484,1,178.0,284.0,71.2,34.08,106.8,71.0,no,yes
485,1,300.0,168.0,291.0,16.8,300.0,35.28,invisible,yes
485,1,300.0,168.0,171.0,18.48,183.0,33.6,no,no
485,1,300.0,168.0,78.0,21.84,93.0,38.64,no,no
485,1,300.0,168.0,201.0,10.08,216.0,26.88,invisible,yes
485,1,300.0,168.0,255.0,16.8,267.0,28.56,invisible,yes
485,1,300.0,168.0,117.0,15.12,129.0,30.24,invisible,yes
485,1,300.0,168.0,243.0,13.44,258.0,30.24,no,yes
485,1,300.0,168.0,36.0,30.24,51.0,47.04,no,no
485,1,300.0,168.0,81.0,13.44,96.0,31.92,yes,yes
485,1,300.0,168.0,147.0,15.12,159.0,26.88,no,yes
485,1,300.0,168.0,105.0,15.12,123.0,38.64,no,no
485,1,300.0,168.0,33.0,16.8,45.0,31.92,no,no
485,1,300.0,168.0,267.0,11.76,285.0,31.92,no,yes
485,1,300.0,168.0,228.0,15.12,240.0,30.24,no,yes
486,1,275.0,183.0,92.8,68.2,117.5,90.2,yes,yes
486,1,275.0,183.0,137.5,16.47,156.75,43.92,no,no
487,1,288.0,175.0,198.72,15.75,221.76,42.0,yes,yes
487,1,288.0,175.0,160.99,94.32,167.19,102.1,invisible,no
487,1,288.0,175.0,145.89,108.33,149.69,113.33,invisible,no
489,1,259.0,194.0,139.86,104.76,170.94,139.68,no,yes
490,1,275.0,183.0,211.75,62.22,231.0,86.01,no,yes
490,1,275.0,183.0,52.25,54.9,82.5,93.33,yes,yes
490,1,275.0,183.0,148.5,53.07,176.0,93.33,yes,yes
490,1,275.0,183.0,132.0,49.41,151.25,73.2,no,yes
490,1,275.0,183.0,99.0,45.75,132.0,89.67,yes,yes
490,1,275.0,183.0,85.25,45.0,104.5,73.2,invisible,no
490,1,275.0,183.0,175.36,63.5,192.2,81.9,yes,yes
491,1,306.0,165.0,247.86,72.6,260.1,87.45,invisible,no
491,1,306.0,165.0,177.48,141.9,198.9,163.35,no,no
491,1,306.0,165.0,135.22,86.0,146.1,99.84,yes,yes
492,1,318.0,159.0,139.6,46.11,159.9,65.9,invisible,no
492,1,318.0,159.0,215.3,45.0,232.2,65.19,yes,no
492,1,318.0,159.0,39.3,38.4,58.4,62.2,invisible,no
493,1,300.0,168.0,103.29,65.77,109.87,71.81,invisible,yes
493,1,300.0,168.0,113.87,64.17,120.78,69.85,invisible,yes
493,1,300.0,168.0,234.06,55.11,243.66,64.7,invisible,yes
493,1,300.0,168.0,272.1,74.2,285.7,83.3,yes,yes
493,1,300.0,168.0,138.0,57.12,144.0,63.84,invisible,yes
493,1,300.0,168.0,150.0,53.76,156.0,62.16,invisible,no
493,1,300.0,168.0,115.1,70.3,125.3,85.6,yes,yes
493,1,300.0,168.0,216.0,72.24,231.0,90.72,invisible,yes
493,1,300.0,168.0,126.0,58.8,132.0,63.84,invisible,yes
493,1,300.0,168.0,141.0,55.44,147.0,62.16,invisible,no
494,1,299.0,168.0,215.28,18.48,236.21,40.32,invisible,no
496,1,300.0,168.0,150.0,0.0,210.0,52.08,no,yes
497,1,250.0,201.0,220.0,64.32,240.0,90.45,no,yes
498,1,300.0,168.0,209.4,54.25,223.1,68.1,yes,yes
498,1,300.0,168.0,138.0,45.36,156.0,65.52,invisible,no
498,1,300.0,168.0,174.0,48.72,189.0,63.84,yes,no
498,1,300.0,168.0,225.0,47.04,243.0,65.52,no,yes
498,1,300.0,168.0,150.0,13.5,162.9,31.1,yes,yes
499,1,287.0,176.0,133.0,35.8,139.1,43.1,invisible,yes
499,1,287.0,176.0,109.06,23.2,119.6,35.2,yes,yes
499,1,287.0,176.0,79.7,26.6,94.9,45.5,no,yes
499,1,287.0,176.0,111.93,41.3,130.6,63.2,invisible,yes
500,1,284.0,177.0,34.08,37.17,99.4,115.05,invisible,yes
500,1,284.0,177.0,232.88,0.0,255.6,24.78,no,no
500,1,284.0,177.0,190.28,3.54,198.8,19.47,no,no
500,1,284.0,177.0,164.72,7.08,173.24,15.93,invisible,no
500,1,284.0,177.0,73.84,5.31,82.36,15.93,invisible,no
500,1,284.0,177.0,178.92,3.54,190.28,17.7,invisible,no
500,1,284.0,177.0,210.16,12.39,215.84,21.24,invisible,no
500,1,284.0,177.0,190.28,28.32,204.48,44.25,invisible,no
500,1,284.0,177.0,153.36,1.77,161.88,12.39,invisible,no
500,1,284.0,177.0,153.36,10.62,161.88,19.47,invisible,no
501,1,275.0,183.0,134.75,32.94,148.5,56.73,no,yes
502,1,275.0,183.0,30.25,5.49,79.75,62.22,yes,yes
502,1,275.0,183.0,200.75,5.49,250.25,67.71,yes,yes
502,1,275.0,183.0,123.75,31.11,145.75,62.22,yes,yes
503,1,275.0,183.0,101.75,58.56,132.0,100.65,invisible,no
505,1,277.0,182.0,121.88,158.34,146.81,182.0,invisible,yes
505,1,277.0,182.0,218.83,151.7,251.0,182.0,no,yes
505,1,277.0,182.0,187.0,89.18,208.9,119.5,no,yes
505,1,277.0,182.0,157.89,99.0,180.05,125.58,yes,yes
505,1,277.0,182.0,157.89,151.06,182.82,182.0,invisible,yes
505,1,277.0,182.0,30.47,161.98,58.17,183.82,invisible,yes
506,1,275.0,183.0,85.2,131.82,110.0,151.3,yes,yes
506,1,275.0,183.0,0.81,71.6,11.6,80.63,no,no
506,1,275.0,183.0,232.45,39.74,238.63,43.91,invisible,no
506,1,275.0,183.0,191.2,73.7,206.6,88.0,yes,yes
506,1,275.0,183.0,118.3,64.8,129.5,78.3,yes,yes
507,1,300.0,168.0,103.28,13.7,169.28,79.22,no,no
508,1,275.0,183.0,225.5,89.67,231.0,96.99,invisible,no
508,1,275.0,183.0,36.0,85.35,39.8,90.25,invisible,no
508,1,275.0,183.0,159.5,115.29,200.75,164.7,no,yes
508,1,275.0,183.0,63.25,107.97,101.75,157.38,no,yes
508,1,275.0,183.0,233.75,91.5,239.25,96.99,invisible,no
508,1,275.0,183.0,250.25,86.01,258.5,96.99,invisible,no
508,1,275.0,183.0,211.75,91.5,217.25,96.99,invisible,no
509,1,310.0,163.0,182.9,-0.0,235.6,53.79,no,yes
510,1,275.0,183.0,55.0,0.0,99.0,38.43,no,yes
510,1,275.0,183.0,178.75,-0.0,220.0,60.39,invisible,yes
510,1,275.0,183.0,121.0,27.45,165.0,86.01,invisible,yes
511,1,297.0,170.0,193.8,32.3,236.3,69.7,no,no
511,1,297.0,170.0,29.7,27.7,74.25,74.8,no,no
512,1,269.0,187.0,169.47,26.18,196.37,61.71,no,yes
515,1,275.0,183.0,70.9,40.8,112.5,79.61,yes,yes
516,1,300.0,168.0,42.0,0.0,132.0,94.08,yes,no
516,1,300.0,168.0,133.36,0.94,215.59,87.41,invisible,yes
517,1,264.0,191.0,108.24,19.1,126.72,42.02,yes,yes
517,1,264.0,191.0,183.06,55.42,203.67,76.63,yes,yes
517,1,264.0,191.0,187.44,45.84,195.36,57.3,invisible,no
518,1,299.0,168.0,189.5,60.5,208.2,79.2,yes,yes
519,1,294.0,171.0,38.22,58.14,61.74,82.08,invisible,yes
519,1,294.0,171.0,152.88,30.78,176.4,54.72,invisible,yes
519,1,294.0,171.0,110.3,52.6,133.4,72.5,yes,yes
520,1,299.0,168.0,53.82,94.08,77.74,122.64,no,yes
520,1,299.0,168.0,17.94,99.12,44.85,129.36,no,yes
520,1,299.0,168.0,149.5,90.72,176.41,120.96,no,yes
520,1,299.0,168.0,191.36,92.4,215.28,119.8,no,yes
520,1,299.0,168.0,95.68,87.36,122.59,117.6,no,yes
520,1,299.0,168.0,263.12,89.04,290.03,119.28,no,yes
521,1,275.0,183.0,154.0,56.73,167.75,75.03,no,yes
521,1,275.0,183.0,211.75,60.39,220.0,71.37,invisible,yes
521,1,275.0,183.0,126.5,58.56,140.25,78.69,yes,no
521,1,275.0,183.0,137.5,49.41,156.75,75.03,yes,yes
521,1,275.0,183.0,189.75,58.56,198.0,69.54,invisible,yes
521,1,275.0,183.0,74.25,62.22,88.0,80.52,no,yes
521,1,275.0,183.0,22.0,64.05,38.5,84.18,invisible,yes
521,1,275.0,183.0,90.75,56.73,104.5,75.03,yes,yes
521,1,275.0,183.0,101.75,53.07,118.25,73.2,invisible,yes
521,1,275.0,183.0,167.75,56.73,181.5,71.37,no,yes
522,1,288.0,175.0,167.7,32.8,194.9,55.3,yes,yes
523,1,284.0,178.0,258.44,40.94,284.0,87.22,yes,yes
523,1,284.0,178.0,0.0,17.6,48.1,74.76,yes,yes
523,1,284.0,178.0,105.08,53.0,140.1,97.4,yes,yes
523,1,284.0,178.0,168.4,43.8,195.8,83.8,yes,yes
523,1,284.0,178.0,188.8,31.0,239.8,86.1,yes,yes
524,1,300.0,168.0,87.0,5.04,156.0,85.68,no,no
525,1,275.0,183.0,181.5,40.26,187.0,45.75,invisible,no
525,1,275.0,183.0,55.3,24.3,62.6,32.8,yes,yes
525,1,275.0,183.0,99.0,42.09,107.25,53.07,invisible,no
526,1,299.0,168.0,143.2,118.1,149.2,128.3,yes,yes
526,1,299.0,168.0,212.6,62.29,226.3,80.8,yes,yes
526,1,299.0,168.0,116.61,55.44,134.55,77.28,yes,no
526,1,299.0,168.0,161.46,15.12,191.36,53.76,yes,yes
527,1,275.0,183.0,24.75,16.47,159.5,177.51,no,no
528,1,275.0,183.0,90.75,40.26,115.5,69.54,invisible,yes
528,1,275.0,183.0,216.0,99.5,220.3,102.0,yes,yes
531,1,311.0,162.0,122.5,14.4,172.6,72.9,no,yes
531,1,311.0,162.0,68.42,29.9,104.9,80.3,no,yes
531,1,311.0,162.0,189.71,0.0,267.46,72.9,no,yes
531,1,311.0,162.0,292.34,37.26,311.0,58.32,no,yes
533,1,272.0,185.0,13.1,0.4,60.6,55.7,no,no
533,1,272.0,185.0,103.8,7.0,148.2,56.5,no,no
533,1,272.0,185.0,214.6,1.13,251.8,46.3,no,no
534,1,259.0,194.0,181.3,30.0,202.02,58.2,yes,yes
534,1,259.0,194.0,152.42,60.26,175.8,92.76,yes,yes
534,1,259.0,194.0,235.69,38.8,253.82,64.02,yes,yes
534,1,259.0,194.0,160.58,40.74,178.71,67.9,yes,yes
534,1,259.0,194.0,28.49,24.9,101.01,116.4,no,no
535,1,275.0,183.0,159.5,31.11,184.25,64.05,yes,yes
535,1,275.0,183.0,113.15,78.43,127.71,94.2,yes,yes
535,1,275.0,183.0,72.16,80.0,87.9,95.16,invisible,no
536,1,298.0,169.0,141.05,70.62,190.44,130.76,invisible,no
538,1,275.0,183.0,134.75,135.42,140.25,142.74,invisible,no
538,1,275.0,183.0,63.25,135.42,68.75,144.2,invisible,no
538,1,275.0,183.0,104.6,136.73,107.7,140.2,yes,yes
539,1,273.0,185.0,70.7,1.16,100.73,43.71,yes,yes
539,1,273.0,185.0,173.55,95.11,183.0,101.5,invisible,no
540,1,275.0,183.0,236.5,124.44,242.0,131.76,invisible,no
541,1,299.0,168.0,209.3,65.52,233.9,91.0,invisible,no
541,1,299.0,168.0,79.8,47.1,91.1,62.39,yes,yes
541,1,299.0,168.0,137.54,3.36,149.5,18.48,no,no
542,1,275.0,183.0,159.5,91.5,167.75,100.65,invisible,no
542,1,275.0,183.0,233.75,47.58,253.0,71.37,invisible,yes
543,1,275.0,183.0,145.75,1.83,200.75,65.88,no,yes
543,1,275.0,183.0,105.27,21.71,114.94,32.32,invisible,yes
543,1,275.0,183.0,0.0,60.39,16.5,95.16,yes,no
543,1,275.0,183.0,241.64,67.73,248.77,73.91,invisible,yes
544,1,301.0,167.0,84.28,40.08,132.44,91.85,yes,yes
544,1,301.0,167.0,138.46,21.71,159.53,48.43,no,yes
544,1,301.0,167.0,225.75,15.03,261.87,60.12,no,yes
544,1,301.0,167.0,99.33,18.37,126.42,45.09,invisible,yes
544,1,301.0,167.0,165.55,18.37,189.63,48.43,no,yes
544,1,301.0,167.0,27.39,14.48,50.28,37.37,invisible,yes
546,1,275.0,183.0,63.25,10.98,156.75,124.44,yes,no
546,1,275.0,183.0,237.53,66.76,251.93,81.39,invisible,no
547,1,310.0,163.0,251.1,42.38,269.7,63.57,invisible,no
547,1,310.0,163.0,65.1,32.6,86.8,60.31,invisible,yes
547,1,310.0,163.0,295.63,57.92,303.69,65.78,invisible,no
547,1,310.0,163.0,182.9,42.38,201.5,63.57,invisible,no
547,1,310.0,163.0,43.4,13.04,71.3,55.42,yes,yes
547,1,310.0,163.0,139.5,14.67,176.7,60.31,yes,yes
547,1,310.0,163.0,99.2,24.45,133.3,65.2,no,yes
547,1,310.0,163.0,9.3,17.93,46.5,60.31,no,yes
547,1,310.0,163.0,210.8,13.04,248.0,53.79,yes,yes
548,1,300.0,168.0,57.0,60.48,66.0,70.56,invisible,yes
548,1,300.0,168.0,17.7,132.81,24.8,140.66,invisible,yes
548,1,300.0,168.0,75.0,65.52,84.0,75.6,invisible,yes
549,1,275.0,183.0,115.5,3.66,176.0,82.35,yes,no
550,1,245.0,206.0,139.65,0.0,181.3,61.8,yes,yes
550,1,245.0,206.0,58.8,2.06,110.25,76.22,yes,yes
552,1,275.0,183.0,52.25,23.79,74.25,54.9,yes,yes
552,1,275.0,183.0,151.25,34.77,167.75,58.56,no,no
552,1,275.0,183.0,104.5,25.62,118.25,45.75,invisible,yes
552,1,275.0,183.0,162.25,31.11,178.75,53.07,no,yes
552,1,275.0,183.0,0.0,42.09,44.0,111.63,no,no
553,1,310.0,163.0,130.2,3.26,182.9,63.57,no,no
554,1,306.0,165.0,253.98,6.6,269.28,28.05,invisible,yes
554,1,306.0,165.0,201.96,26.4,214.2,41.25,invisible,no
554,1,306.0,165.0,214.2,1.65,260.1,61.05,no,yes
554,1,306.0,165.0,18.36,46.2,42.84,75.9,no,no
554,1,306.0,165.0,91.8,11.55,137.7,62.7,no,no
555,1,300.0,168.0,129.0,26.88,171.0,72.24,no,yes
556,1,275.0,183.0,30.25,25.62,49.5,53.07,invisible,yes
556,1,275.0,183.0,225.5,27.0,249.4,54.1,invisible,no
556,1,275.0,183.0,104.5,24.6,127.6,53.07,yes,yes
557,1,300.0,168.0,105.0,55.44,117.0,68.88,invisible,yes
557,1,300.0,168.0,153.0,60.48,162.0,70.9,invisible,no
557,1,300.0,168.0,69.0,40.32,84.0,59.0,no,yes
557,1,300.0,168.0,147.89,71.4,167.3,91.1,yes,yes
557,1,300.0,168.0,240.3,45.5,265.7,68.5,yes,yes
557,1,300.0,168.0,129.0,60.48,138.0,68.88,invisible,no
558,1,264.0,191.0,112.86,35.59,178.6,127.27,yes,no
559,1,290.0,174.0,43.5,24.36,75.4,59.16,yes,yes
560,1,310.0,163.0,183.15,40.86,207.95,70.2,no,yes
560,1,310.0,163.0,93.0,30.97,114.7,52.16,invisible,yes
560,1,310.0,163.0,232.5,34.23,257.3,58.68,invisible,no
560,1,310.0,163.0,40.3,32.6,58.9,55.42,invisible,yes
561,1,194.0,259.0,143.56,106.19,166.84,129.5,invisible,no
561,1,194.0,259.0,50.44,101.01,69.84,121.73,no,yes
561,1,194.0,259.0,100.88,93.24,124.16,119.14,invisible,no
561,1,194.0,259.0,0.0,90.65,19.4,113.96,yes,yes
562,1,300.0,168.0,220.6,56.3,236.9,75.6,invisible,no
562,1,300.0,168.0,142.7,88.0,161.6,110.0,yes,yes
562,1,300.0,168.0,107.2,63.2,118.6,74.19,yes,yes
562,1,300.0,168.0,126.72,67.29,142.66,89.2,yes,yes
562,1,300.0,168.0,251.5,68.7,267.3,86.9,invisible,no
562,1,300.0,168.0,102.0,13.44,108.0,20.16,invisible,no
562,1,300.0,168.0,66.0,28.56,78.0,43.68,invisible,yes
562,1,300.0,168.0,78.0,25.2,93.0,42.0,invisible,yes
562,1,300.0,168.0,126.0,21.84,138.0,36.96,invisible,yes
562,1,300.0,168.0,162.0,67.2,174.0,84.0,invisible,yes
563,1,324.0,156.0,0.0,18.72,45.36,88.92,yes,yes
563,1,324.0,156.0,149.04,29.64,200.88,85.8,yes,yes
564,1,318.0,159.0,133.56,44.52,178.08,95.4,no,yes
565,1,300.0,168.0,216.0,2.2,256.7,53.5,no,yes
565,1,300.0,168.0,150.0,9.9,191.2,62.16,yes,yes
565,1,300.0,168.0,81.0,1.68,120.0,48.72,no,yes
565,1,300.0,168.0,30.0,6.72,60.0,40.32,no,no
565,1,300.0,168.0,9.0,0.0,27.0,13.44,invisible,no
566,1,290.0,174.0,66.7,3.48,113.1,57.42,yes,yes
566,1,290.0,174.0,243.6,27.84,272.6,66.12,no,yes
567,1,279.0,181.0,147.87,7.24,178.56,48.87,no,yes
567,1,279.0,181.0,80.91,1.81,114.39,36.2,no,yes
567,1,279.0,181.0,131.13,12.67,161.82,56.11,no,yes
567,1,279.0,181.0,172.98,12.67,209.25,59.73,no,no
567,1,279.0,181.0,200.88,16.29,259.47,85.07,no,no
568,1,168.0,300.0,80.64,114.0,95.76,132.0,invisible,yes
570,1,300.0,168.0,54.0,8.4,108.0,70.56,yes,yes
570,1,300.0,168.0,213.0,18.48,252.0,63.84,invisible,yes
571,1,275.0,183.0,167.75,73.2,181.5,86.01,invisible,yes
571,1,275.0,183.0,140.25,71.37,154.0,89.67,invisible,yes
571,1,275.0,183.0,99.0,78.69,110.0,93.33,invisible,yes
571,1,275.0,183.0,209.0,58.56,222.75,75.03,invisible,no
571,1,275.0,183.0,63.25,89.67,74.25,106.14,invisible,yes
572,1,269.0,187.0,164.09,39.27,180.23,63.58,yes,no
572,1,269.0,187.0,131.81,44.88,150.64,69.19,yes,yes
572,1,269.0,187.0,29.59,39.27,51.11,67.32,yes,yes
572,1,269.0,187.0,228.65,46.75,247.48,72.93,yes,yes
572,1,269.0,187.0,67.25,44.88,83.39,67.32,yes,no
572,1,269.0,187.0,196.37,44.88,212.51,65.45,yes,no
572,1,269.0,187.0,102.22,41.14,118.36,63.58,yes,yes
572,1,269.0,187.0,204.44,59.84,220.58,80.41,invisible,no
573,1,259.0,194.0,204.61,100.88,217.56,116.4,invisible,no
573,1,259.0,194.0,186.65,126.42,194.35,134.3,yes,yes
573,1,259.0,194.0,220.15,75.66,248.64,114.46,no,yes
573,1,259.0,194.0,116.55,52.38,157.99,100.88,no,yes
575,1,268.0,188.0,53.31,3.15,125.67,84.67,yes,no
575,1,268.0,188.0,184.06,63.92,226.94,112.87,no,no
576,1,225.0,225.0,0.0,137.25,22.5,200.25,yes,no
576,1,225.0,225.0,61.09,135.26,117.34,213.26,yes,no
576,1,225.0,225.0,180.0,84.4,218.25,135.2,yes,no
576,1,225.0,225.0,110.25,102.4,150.75,166.0,yes,no
576,1,225.0,225.0,15.75,89.3,56.25,139.2,yes,no
576,1,225.0,225.0,126.0,49.5,157.5,105.75,yes,no
577,1,266.0,190.0,150.4,3.8,167.58,30.4,no,yes
578,1,275.0,183.0,79.75,117.12,96.25,139.08,invisible,yes
579,1,263.0,192.0,157.8,3.84,181.47,46.08,yes,yes
580,1,290.0,174.0,110.2,13.92,116.0,19.14,invisible,no
580,1,290.0,174.0,121.8,12.18,124.7,19.14,invisible,no
580,1,290.0,174.0,191.4,6.96,197.2,13.92,invisible,no
580,1,290.0,174.0,281.3,1.74,290.0,13.92,invisible,no
580,1,290.0,174.0,180.27,9.94,184.17,14.24,invisible,no
580,1,290.0,174.0,269.66,1.1,284.84,17.35,invisible,yes
580,1,290.0,174.0,144.53,136.7,165.23,152.0,yes,yes
580,1,290.0,174.0,215.0,86.66,239.05,107.78,yes,yes
580,1,290.0,174.0,47.5,71.6,75.6,103.6,no,yes
581,1,262.0,193.0,193.79,63.57,198.19,66.97,invisible,yes
581,1,262.0,193.0,221.19,59.27,225.09,63.37,invisible,yes
581,1,262.0,193.0,228.59,58.27,232.89,62.97,invisible,no
581,1,262.0,193.0,60.26,57.9,104.8,108.08,yes,yes
582,1,259.0,195.0,10.36,46.8,31.08,78.0,invisible,no
583,1,315.0,160.0,119.7,70.4,132.3,83.2,yes,yes
583,1,315.0,160.0,81.9,70.4,94.5,81.6,invisible,no
583,1,315.0,160.0,261.45,67.2,274.05,78.4,invisible,no
583,1,315.0,160.0,50.4,70.4,59.85,81.6,invisible,yes
583,1,315.0,160.0,151.2,65.6,166.95,78.4,invisible,yes
583,1,315.0,160.0,226.8,67.2,236.25,78.4,invisible,no
584,1,300.0,168.0,129.0,68.88,138.0,82.32,invisible,yes
584,1,300.0,168.0,102.0,80.64,108.0,89.04,invisible,no
584,1,300.0,168.0,159.0,33.6,180.0,57.12,yes,yes
585,1,260.0,194.0,79.51,43.31,104.81,76.41,no,yes
587,1,300.0,168.0,150.0,16.8,171.0,43.68,yes,yes
587,1,300.0,168.0,123.0,3.36,147.0,30.24,no,yes
587,1,300.0,168.0,54.0,16.8,78.0,45.36,yes,yes
587,1,300.0,168.0,33.0,33.6,47.8,50.7,invisible,no
588,1,300.0,168.0,63.0,36.96,123.0,114.24,no,yes
588,1,300.0,168.0,180.0,30.24,231.0,99.12,no,yes
588,1,300.0,168.0,111.0,5.04,195.0,99.12,no,yes
589,1,321.0,157.0,129.82,60.37,187.6,120.03,no,no
590,1,299.0,168.0,127.9,71.3,141.7,84.9,yes,yes
590,1,299.0,168.0,173.42,73.92,185.38,89.04,invisible,yes
590,1,299.0,168.0,206.31,70.56,221.26,85.68,invisible,yes
590,1,299.0,168.0,50.83,25.2,86.71,62.16,yes,yes
591,1,312.0,162.0,98.38,102.1,107.12,111.0,invisible,yes
591,1,312.0,162.0,196.56,42.12,205.92,53.46,invisible,yes
591,1,312.0,162.0,62.4,103.68,71.76,113.4,invisible,yes
591,1,312.0,162.0,71.76,64.8,81.12,74.52,invisible,yes
591,1,312.0,162.0,171.6,45.36,180.96,55.08,invisible,no
591,1,312.0,162.0,103.5,70.4,111.4,78.63,invisible,yes
592,1,1408.0,792.0,520.96,15.84,780.0,285.12,yes,no
593,1,780.0,520.0,631.8,78.0,655.2,119.6,no,yes
593,1,780.0,520.0,304.2,98.8,327.6,135.2,yes,yes
593,1,780.0,520.0,335.4,187.2,366.6,228.8,invisible,yes
593,1,780.0,520.0,397.8,213.2,429.0,254.8,invisible,yes
593,1,780.0,520.0,538.2,104.0,561.6,140.4,no,yes
593,1,780.0,520.0,179.4,104.0,210.6,145.6,yes,yes
594,1,940.0,490.0,376.0,39.2,535.8,215.6,no,yes
594,1,940.0,490.0,883.6,112.7,930.6,171.5,no,yes
594,1,940.0,490.0,554.6,4.9,799.0,215.6,no,yes
594,1,940.0,490.0,206.8,88.2,329.0,245.0,no,yes
595,1,1800.0,2250.0,396.0,540.0,1440.0,1552.5,no,no
596,1,1200.0,720.0,0.0,36.0,84.0,158.4,invisible,no
596,1,1200.0,720.0,780.0,64.8,948.0,244.8,yes,yes
596,1,1200.0,720.0,96.0,7.2,288.0,223.2,yes,no
599,1,650.0,433.0,344.5,4.33,474.5,151.55,no,yes
599,1,650.0,433.0,234.87,91.07,253.68,114.7,invisible,yes
599,1,650.0,433.0,0.0,146.99,30.91,220.59,invisible,yes
599,1,650.0,433.0,253.5,47.63,273.0,82.27,no,yes
599,1,650.0,433.0,214.5,99.59,227.5,112.58,invisible,no
599,1,650.0,433.0,573.15,160.56,590.64,174.87,invisible,yes
601,1,540.0,360.0,313.2,50.4,356.4,115.2,yes,yes
601,1,540.0,360.0,113.4,-0.0,205.2,82.8,yes,yes
601,1,540.0,360.0,17.09,28.3,29.3,43.5,yes,yes
601,1,540.0,360.0,63.3,35.3,74.1,47.5,yes,yes
602,1,637.0,425.0,452.27,42.5,496.86,106.25,no,yes
602,1,637.0,425.0,267.54,25.5,312.13,85.0,yes,yes
602,1,637.0,425.0,350.35,46.75,388.57,102.0,no,yes
603,1,720.0,480.0,331.31,29.53,511.31,250.33,no,yes
604,1,780.0,520.0,319.8,88.4,343.2,124.8,invisible,yes
604,1,780.0,520.0,249.6,187.2,288.6,228.8,invisible,yes
604,1,780.0,520.0,613.43,86.82,638.26,111.26,invisible,yes
604,1,780.0,520.0,327.6,322.4,366.6,364.0,invisible,yes
604,1,780.0,520.0,78.0,88.4,101.4,114.4,invisible,yes
605,1,1280.0,720.0,268.8,7.2,371.2,136.8,yes,no
607,1,720.0,480.0,122.4,165.0,252.0,316.8,no,yes
608,1,780.0,439.0,332.0,71.1,393.2,152.9,yes,yes
